,Title,Price,Price_Origin,Link,Image,Retailer,TimeStamp,Source
0,"250W LED High Bay Light 35,000LM (140Lm/w) 5000K Daylight (for 18 to 24ft Ceiling, 1000W HID/HPS Replacement) 1-10v dimmer UL Listed HYPERLITE High Bay LED Light for Factory Warehouse Church",152.99,169.99,https://www.amazon.ca/dp/B07WLVG6RX/,https://m.media-amazon.com/images/I/612N0b-IwbL._AC_UL320_.jpg,Amazon,2021-10-25T00:05:51,https://www.amazon.ca/s?k=lightning+deals
1,"Womens Color Block Long Sleeve Round Neck Shirts Pullover Sweatshirt Tops, S-2XL",36.99,0,https://www.amazon.ca/dp/B099ZHYP37/,https://m.media-amazon.com/images/I/71giHRSnN7L._AC_UL320_.jpg,Amazon,2021-10-25T00:05:51,https://www.amazon.ca/s?k=lightning+deals
2,"Monster Wireless Earbuds, True Wireless Earbuds,Bluetooth 5.0 in-Ear Super Fast Charge,Built-in Mics for Clear Calls, USB-C Quick Charge, 24-Hour Playtime, Secure Fit for Sports Black",99.99,0,https://www.amazon.ca/dp/B096SBPYRS/,https://m.media-amazon.com/images/I/61Ok-N1ts2L._AC_UL320_.jpg,Amazon,2021-10-25T00:05:51,https://www.amazon.ca/s?k=lightning+deals
3,Saxx Men's Underwear – Vibe Men’s Underwear – Boxer Briefs with Built-in Ballpark Pouch Support - Core,33.95,0,https://www.amazon.ca/dp/B016OE5PJQ/,https://m.media-amazon.com/images/I/91GlsJS4O+L._AC_UL320_.jpg,Amazon,2021-10-25T00:05:51,https://www.amazon.ca/s?k=lightning+deals
4,Men's Long-Sleeve T-Shirt,10.47,0,https://www.amazon.ca/dp/B00T7TWF4E/,https://m.media-amazon.com/images/I/81qp6zqycZS._AC_UL320_.jpg,Amazon,2021-10-25T00:05:51,https://www.amazon.ca/s?k=lightning+deals
5,"Men's 6"" Boxer Brief Fly Front with Pouch, 3-Pack",19.98,40.00,https://www.amazon.ca/dp/B074JJJQ7Y/,https://m.media-amazon.com/images/I/A1TIe2I2ezL._AC_UL320_.jpg,Amazon,2021-10-25T00:05:51,https://www.amazon.ca/s?k=lightning+deals
6,"Apple Barrel Acrylic Paint in Assorted Colors (2 oz), 21481, Key West",0.97,0,https://www.amazon.ca/dp/B00889Z9YC/,https://m.media-amazon.com/images/I/51OqLh2hJhL._AC_UL320_.jpg,Amazon,2021-10-25T00:05:51,https://www.amazon.ca/s?k=lightning+deals
7,Men's W96H-1BV Classic Sport Watch,30.27,0,https://www.amazon.ca/dp/B000AQVSA0/,https://m.media-amazon.com/images/I/91R8vHW8sDL._AC_UL320_.jpg,Amazon,2021-10-25T00:05:51,https://www.amazon.ca/s?k=lightning+deals
8,"Harem Pants for Women, Cotton Loose High Waist Soft Athletic Elastic Waistband Yoga Pilates Pants",28.98,0,https://www.amazon.ca/dp/B08BZB7139/,https://m.media-amazon.com/images/I/51k9y10y70S._AC_UL320_.jpg,Amazon,2021-10-25T00:05:51,https://www.amazon.ca/s?k=lightning+deals
9,Womens Women's Totally Shaping Pull on Skinny Jeans,39.99,0,https://www.amazon.ca/dp/B077R4H48C/,https://m.media-amazon.com/images/I/51LRdAQLQfL._AC_UL320_.jpg,Amazon,2021-10-25T00:05:51,https://www.amazon.ca/s?k=lightning+deals
10,Women's Printed Shawl Wrap Fashionable Open Front Poncho Cape,40.99,0,https://www.amazon.ca/dp/B07DTBY5GX/,https://m.media-amazon.com/images/I/81O21CY+O1L._AC_UL320_.jpg,Amazon,2021-10-25T00:05:51,https://www.amazon.ca/s?k=lightning+deals
11,"LittleSun LED Garage Light 4+1 Deformable LED Garage Lighting, 48W, 5000LM, CRI 90+, 6500K,Ideal LED Lighting for Garage, Shop,Basement, Warehouse,White, Pack (1)",20.99,0,https://www.amazon.ca/dp/B082N9NTXW/,https://m.media-amazon.com/images/I/717sEGXAhOL._AC_UL320_.jpg,Amazon,2021-10-25T00:05:51,https://www.amazon.ca/s?k=lightning+deals
12,"Tower Power Bar with Surge Protector, Flat Plug Extension Cord Indoor 6.5 Feet, 11 Widely Spaced AC Outlets, 3 USB Ports, TESSAN Power Strip Multi Plug Desk Charging Station, Home Office Accessories",35.99,0,https://www.amazon.ca/dp/B08LR6SGHJ/,https://m.media-amazon.com/images/I/61R4LAuy23S._AC_UL320_.jpg,Amazon,2021-10-25T00:05:51,https://www.amazon.ca/s?k=lightning+deals
13,Phone Charger 5Pack 3ft 3ft 6ft 6ft 10ft Nylon Braided Usb Charging & Syncing Cable Compatible with Phone12 12 Pro 12 Max Se Phone 11 Pro Max 11 Pro 11 XS MAX XR X 8 8 Plus 7 7 Plus 6s 6s Plus 6 6 Plus and More (Silver),16.99,0,https://www.amazon.ca/dp/B07R9KDMX1/,https://m.media-amazon.com/images/I/61Y7JeVsaWL._AC_UL320_.jpg,Amazon,2021-10-25T00:05:51,https://www.amazon.ca/s?k=lightning+deals
14,"Lindt Lindt Hazelnut Milk Chocolate Spread, 200g, Hazelnut, 200 Grams",5.97,0,https://www.amazon.ca/dp/B07KLMK61V/,https://m.media-amazon.com/images/I/71Ajv8NYcEL._AC_UL320_.jpg,Amazon,2021-10-25T00:05:51,https://www.amazon.ca/s?k=lightning+deals
15,womens 6 Pack Runner Socks Socks,12.77,22.99,https://www.amazon.ca/dp/B00GOMDIMU/,https://m.media-amazon.com/images/I/81Zh8tgs3EL._AC_UL320_.jpg,Amazon,2021-10-25T00:05:51,https://www.amazon.ca/s?k=lightning+deals
16,Utopia Bedding Gusseted Pillow (2-Pack) Premium Quality Bed Pillows - Side Back Sleepers - Blue Gusset - Queen - 18 x 26 Inches,34.99,0,https://www.amazon.ca/dp/B01FXSVBNI/,https://m.media-amazon.com/images/I/51BQIBV9mgS._AC_UL320_.jpg,Amazon,2021-10-25T00:05:51,https://www.amazon.ca/s?k=lightning+deals
17,Saxx Men's Underwear – Vibe Men’s Underwear – Boxer Briefs with Built-in Ballpark Pouch Support - Core,33.95,0,https://www.amazon.ca/dp/B016OE5PJQ/,https://m.media-amazon.com/images/I/91GlsJS4O+L._AC_UL320_.jpg,Amazon,2021-10-25T00:05:51,https://www.amazon.ca/s?k=lightning+deals
18,"Wireless Earbuds, Bluetooth 5.0 Earbuds Touch Control in-Ear True Wireless Headphones, 20 Hrs Playtime with Charging Case, Hi-Fi Stereo Earbuds with Built-in Mic for Sports and Work (White)",29.99,0,https://www.amazon.ca/dp/B09HT3F5HF/,https://m.media-amazon.com/images/I/41gIIcXhS9L._AC_UL320_.jpg,Amazon,2021-10-25T00:05:51,https://www.amazon.ca/s?k=lightning+deals
19,Women's Tops Casual Sleeveless V-Neck T-Shirts Tank Summer Blouse Shirts Soft Loose Tunic,17.99,23.99,https://www.amazon.ca/dp/B08RCJNZZ9/,https://m.media-amazon.com/images/I/71SJcLG1BSL._AC_UL320_.jpg,Amazon,2021-10-25T00:05:51,https://www.amazon.ca/s?k=lightning+deals
20,Women's High Waisted Cotton Underwear Stretch Briefs Soft Full Coverage Panties Multipack (Regular& Plus Size),29.99,40.99,https://www.amazon.ca/dp/B07RN63526/,https://m.media-amazon.com/images/I/61dpCKpdjHL._AC_UL320_.jpg,Amazon,2021-10-25T00:05:51,https://www.amazon.ca/s?k=lightning+deals
21,No Buckle Stretch Belt For Women Men Elastic Waist Belt Up to 72 Inch for Jeans Pants,17.99,0,https://www.amazon.ca/dp/B07CXMNLVG/,https://m.media-amazon.com/images/I/71aNNvLk8oL._AC_UL320_.jpg,Amazon,2021-10-25T00:05:51,https://www.amazon.ca/s?k=lightning+deals
22,Mens Crew T-Shirt Multipack,22.18,0,https://www.amazon.ca/dp/B07XVXSY7M/,https://m.media-amazon.com/images/I/71FKlHTAOuL._AC_UL320_.jpg,Amazon,2021-10-25T00:05:51,https://www.amazon.ca/s?k=lightning+deals
23,"LED Garage Lights 60W-2 Packs LED Garage Lighting 6000LM E26/27 - Deformable LED Shop Light - Garage Ceiling Light, LED Light Bulbs, LED Work Lights, LED High Bay Light for Basement, Workshop",31.99,35.99,https://www.amazon.ca/dp/B089NTVJF6/,https://m.media-amazon.com/images/I/71iisY6xZaL._AC_UL320_.jpg,Amazon,2021-10-25T00:05:51,https://www.amazon.ca/s?k=lightning+deals
24,Men's K87 Workwear Short Sleeve T-Shirt (Regular and Big & Tall Sizes),27.17,0,https://www.amazon.ca/dp/B0000E0YRS/,https://m.media-amazon.com/images/I/81NGTHWFapL._AC_UL320_.jpg,Amazon,2021-10-25T00:05:51,https://www.amazon.ca/s?k=lightning+deals
25,"Utopia Bedding Premium Bamboo Mattress Protector Twin 340 GSM, Fits 15 Inches Deep, Easy Care",33.99,42.99,https://www.amazon.ca/dp/B01E02DU6E/,https://m.media-amazon.com/images/I/81UMy8pnMxL._AC_UL320_.jpg,Amazon,2021-10-25T00:05:51,https://www.amazon.ca/s?k=lightning+deals
26,Women's Active Yoga Lounge Capri Pocketed Walking Crop Pants,29.99,43.99,https://www.amazon.ca/dp/B071GBKZVJ/,https://m.media-amazon.com/images/I/618JakIsC9L._AC_UL320_.jpg,Amazon,2021-10-25T00:05:51,https://www.amazon.ca/s?k=lightning+deals
27,"Utopia Bedding Comforter Duvet Insert - Quilted Comforter with Corner Tabs - Box Stitched Down Alternative Comforter (Queen, White)",39.99,46.99,https://www.amazon.ca/dp/B00S1TC442/,https://m.media-amazon.com/images/I/712c0JZxCWL._AC_UL320_.jpg,Amazon,2021-10-25T00:05:51,https://www.amazon.ca/s?k=lightning+deals
28,mens Multi-pack Mesh Ventilating Comfort Fit Performance No-show Socks,19.99,0,https://www.amazon.ca/dp/B01D2GRTIE/,https://m.media-amazon.com/images/I/91VvLvJikgL._AC_UL320_.jpg,Amazon,2021-10-25T00:05:51,https://www.amazon.ca/s?k=lightning+deals
29,LEGO Creator 3in1 Deep Sea Creatures 31088 Building Kit (230 Piece),16.86,19.99,https://www.amazon.ca/dp/B07GWZNF91/,https://m.media-amazon.com/images/I/81PJ7s8nT3L._AC_UL320_.jpg,Amazon,2021-10-25T00:05:51,https://www.amazon.ca/s?k=lightning+deals
30,Winter Women Socks 5 Pairs Vintage Style Knit Wool Casual Socks Warm Socks,13.90,0,https://www.amazon.ca/dp/B088QQS9DG/,https://m.media-amazon.com/images/I/814P7X3RZOL._AC_UL320_.jpg,Amazon,2021-10-25T00:05:51,https://www.amazon.ca/s?k=lightning+deals
31,"TP-Link N300 WiFi Range Extender TL-WA850RE - Covers up to 800 Sq.ft, Up to 300Mbps, Signal Booster & WiFi Repeater, Single Band 2.4Ghz only, and Compact Wall Plug Design, Extend WiFi Range Further",16.99,22.99,https://www.amazon.ca/dp/B00E98O7GC/,https://m.media-amazon.com/images/I/5162dBZuR2L._AC_UL320_.jpg,Amazon,2021-10-25T00:05:51,https://www.amazon.ca/s?k=lightning+deals
32,"Men’s Crew T-Shirts, Multipack",31.75,0,https://www.amazon.ca/dp/B07JDFPQTC/,https://m.media-amazon.com/images/I/61CqBpL3iUL._AC_UL320_.jpg,Amazon,2021-10-25T00:05:51,https://www.amazon.ca/s?k=lightning+deals
33,BISSELL - Stick Vacuum - Featherweight White - Ultra-lightweight and compact - Versatile Lift-Off Hand Vacuum - 2.1 Amp motor in a 3lb vacuum,39.99,0,https://www.amazon.ca/dp/B085PGFW2P/,https://m.media-amazon.com/images/I/51qQxZrptqL._AC_UL320_.jpg,Amazon,2021-10-25T00:05:51,https://www.amazon.ca/s?k=lightning+deals
34,"Nylon Breathable Military Tactical Style Adjustable Web Men Belt,Black,Suit for Pant Size Below 45 Inches",20.99,0,https://www.amazon.ca/dp/B01D1HAV9I/,https://m.media-amazon.com/images/I/71VY+LLi6DL._AC_UL320_.jpg,Amazon,2021-10-25T00:05:51,https://www.amazon.ca/s?k=lightning+deals
35,AmazonBasics USB 2.0 Printer Cable - A-Male to B-Male Cord - 6 Feet (1.8 Meters),8.82,0,https://www.amazon.ca/dp/B00NH11KIK/,https://m.media-amazon.com/images/I/71bhL-Kx6+L._AC_UL320_.jpg,Amazon,2021-10-25T00:05:51,https://www.amazon.ca/s?k=lightning+deals
36,Phone Charger 【5Pack】3FT 3FT 6FT 6FT 10FT Nylon Braided USB Charging & Syncing Cable Compatible with Phone12 12 Pro 12 Max Se Phone 11 Pro Max 11 Pro 11 XS MAX XR X 8 8 Plus 7 7 Plus 6s 6s Plus 6 6 Plus and More (Black),14.98,19.99,https://www.amazon.ca/dp/B07P5MDRP4/,https://m.media-amazon.com/images/I/61a8ZESYqUL._AC_UL320_.jpg,Amazon,2021-10-25T00:05:51,https://www.amazon.ca/s?k=lightning+deals
37,"USB Wall Charger, Surge Protector, 5 Outlet Extender with 4 USB Charging Ports ( 1 USB C Outlet, 4.5A Total) 3-Sided 1800J Power Strip Multi Plug Outlets Wall Adapter Spaced for Home Travel Office",29.99,34.99,https://www.amazon.ca/dp/B08Z3GJ4GG/,https://m.media-amazon.com/images/I/31kQUrRzLKL._AC_UL320_.jpg,Amazon,2021-10-25T00:05:51,https://www.amazon.ca/s?k=lightning+deals
38,"OREO Mint Chocolate Fudge Covered Cookies, 280g",3.99,0,https://www.amazon.ca/dp/B095ZZK2XZ/,https://m.media-amazon.com/images/I/81jqFtnieUS._AC_UL320_.jpg,Amazon,2021-10-25T00:05:51,https://www.amazon.ca/s?k=lightning+deals
39,"Extra Clean Toothbrush, Full Head, Soft (6 Count)",4.77,0,https://www.amazon.ca/dp/B00CC6XSSQ/,https://m.media-amazon.com/images/I/81l2bK1kAcL._AC_UL320_.jpg,Amazon,2021-10-25T00:05:51,https://www.amazon.ca/s?k=lightning+deals
40,Duracell Coppertop AA Alkaline Batteries - 20 Count,18.99,0,https://www.amazon.ca/dp/B002UXRXEG/,https://m.media-amazon.com/images/I/71br624-J4L._AC_UL320_.jpg,Amazon,2021-10-25T00:05:51,https://www.amazon.ca/s?k=lightning+deals
41,"Belkin Powerhouse Charge Dock for Apple Watch + iPhone Charging Dock for iPhone Xs, XS Max, XR, X, 8/8 Plus and More, Apple Watch Series 4, 3, 2, 1 (White)",129.99,0,https://www.amazon.ca/dp/B07HMBQL58/,https://m.media-amazon.com/images/I/61Ug8s83ccL._AC_UL320_.jpg,Amazon,2021-10-25T00:05:51,https://www.amazon.ca/s?k=lightning+deals
42,"Colossal Foot File, Professional Foot Scrubber Upgraded Larger Pedicure Rasp Callus Remover Foot Files For Easy Trimming Dead Skin, Callus, Foot Corn, Cracked Heels, Light-weight & Durable",7.60,8.95,https://www.amazon.ca/dp/B07F3WJPCQ/,https://m.media-amazon.com/images/I/61oYPDKJg-L._AC_UL320_.jpg,Amazon,2021-10-25T00:05:51,https://www.amazon.ca/s?k=lightning+deals
43,AmazonBasics AAA 1.5 Volt Performance Alkaline Batteries - Pack of 36,12.92,0,https://www.amazon.ca/dp/B00LH3DMUO/,https://m.media-amazon.com/images/I/71nDX36Y9UL._AC_UL320_.jpg,Amazon,2021-10-25T00:05:51,https://www.amazon.ca/s?k=lightning+deals
44,6 pcs Aluminum D-Ring Locking Carabiner Light but Strong,13.95,0,https://www.amazon.ca/dp/B01GA3N9MQ/,https://m.media-amazon.com/images/I/81qL6C4yvCL._AC_UL320_.jpg,Amazon,2021-10-25T00:05:51,https://www.amazon.ca/s?k=lightning+deals
45,"USB C to Lightning New Nylon Cable MFi Certified, Swadaws 3-Pack 6.6FT Fast Charging Cable Power Delivery Lightning to Type C Charger Cord for iPhone 13 Pro Max/12 Pro/X/XS/XR/8 Plus/iPad (Black Gray)",25.99,0,https://www.amazon.ca/dp/B09CKRC3W1/,https://m.media-amazon.com/images/I/81eUscxyxCL._AC_UL320_.jpg,Amazon,2021-10-25T00:05:51,https://www.amazon.ca/s?k=lightning+deals
46,"Lindt Swiss Classic Milk Chocolate, Bar, 100g",1.97,0,https://www.amazon.ca/dp/B000H299LW/,https://m.media-amazon.com/images/I/71ORKwFp7XL._AC_UL320_.jpg,Amazon,2021-10-25T00:05:51,https://www.amazon.ca/s?k=lightning+deals
47,Women's High Waisted Cotton Underwear Stretch Briefs Soft Full Coverage Panties Multipack (Regular& Plus Size),32.99,40.99,https://www.amazon.ca/dp/B07RP7KCPB/,https://m.media-amazon.com/images/I/61dpCKpdjHL._AC_UL320_.jpg,Amazon,2021-10-25T00:05:51,https://www.amazon.ca/s?k=lightning+deals
48,"USB C to Lightning Cable MFi Certified, Quntis 3Pack 3FT 6FT 10FT iPhone 12 Fast Charging Cable Power Delivery Lightning to Type C Charger Cord for iPhone 13/12 Pro Max/11 Pro/X/XS/XR/8 Plus/iPad/AirPods Pro",20.99,0,https://www.amazon.ca/dp/B08QCGLZR6/,https://m.media-amazon.com/images/I/61fL+LMFubL._AC_UL320_.jpg,Amazon,2021-10-25T00:05:51,https://www.amazon.ca/s?k=lightning+deals
49,"CUISINART 12 Piece Color Knife Set with Blade Guards (6 Knives and 6 Knife Covers), Jewel",40.40,0,https://www.amazon.ca/dp/B016OD70Q8/,https://m.media-amazon.com/images/I/814qPwdR8yL._AC_UL320_.jpg,Amazon,2021-10-25T00:05:51,https://www.amazon.ca/s?k=lightning+deals
50,womens Puma Women's 6 Pack Low Cut Socks,12.67,0,https://www.amazon.ca/dp/B075DKCQFT/,https://m.media-amazon.com/images/I/61lu6xUl0hL._AC_UL320_.jpg,Amazon,2021-10-25T00:05:51,https://www.amazon.ca/s?k=lightning+deals
51,TC-JUNESUN Stick Cordless Vacuum Cleaner 4-in-1 Quiet Suction Fast Charging Lightweight for Home Hard Floor Carpet Car Convenient Handheld (Red),135.15,159.00,https://www.amazon.ca/dp/B08SM6PVVH/,https://m.media-amazon.com/images/I/51YYVTnpVhL._AC_UL320_.jpg,Amazon,2021-10-25T00:05:51,https://www.amazon.ca/s?k=lightning+deals
52,High Waisted Compression Leggings - Shapewear for Women,30.99,0,https://www.amazon.ca/dp/B07QKPCF12/,https://m.media-amazon.com/images/I/71vRr6zOdpL._AC_UL320_.jpg,Amazon,2021-10-25T00:05:51,https://www.amazon.ca/s?k=lightning+deals
53,Women's Cold Shoulder Knit Long Sleeves Pullover Sweater Tops Blouse Tunic,39.99,0,https://www.amazon.ca/dp/B08FT6N8QQ/,https://m.media-amazon.com/images/I/71kwLQNq2ML._AC_UL320_.jpg,Amazon,2021-10-25T00:05:51,https://www.amazon.ca/s?k=lightning+deals
54,"Wireless Earbuds-Football Bluetooth 5.1 Earbuds-Touch Control,Noise Reduction,Fast Charging,Long Battery time,32H Playback time",29.90,0,https://www.amazon.ca/dp/B09DL37WLX/,https://m.media-amazon.com/images/I/61SHBuQuSTL._AC_UL320_.jpg,Amazon,2021-10-25T00:05:51,https://www.amazon.ca/s?k=lightning+deals
55,"Women Touch Screen Crossbody Phone Purse, RFID Shoulder Handbags Credit Card Wallet",28.99,30.99,https://www.amazon.ca/dp/B08DXCZ4X8/,https://m.media-amazon.com/images/I/61GQqoh0A5L._AC_UL320_.jpg,Amazon,2021-10-25T00:05:51,https://www.amazon.ca/s?k=lightning+deals
56,Women's Hoodies Sweatshirts with Pockets Long Sleeve Pullover Drawstring Hoodie Tops for Women Blouse,32.99,0,https://www.amazon.ca/dp/B08JTVD322/,https://m.media-amazon.com/images/I/71EAGXg8ddL._AC_UL320_.jpg,Amazon,2021-10-25T00:05:51,https://www.amazon.ca/s?k=lightning+deals
57,"Wireless Earbuds, Newmsnr X12 Second Generation Upgrade Bluetooth Earbuds Advance 1532 Chip Bluetooth Headphones 3D Surround Stereo Bass Wireless Headphone IPX7 Waterproof Earphones AAC&CVC8.0 Noise Reduction Headphones For Blackberry/iPhone/Samsung/Huawei etc (X12Plus(Upgarde)-Black)",39.99,0,https://www.amazon.ca/dp/B08VRH5NVL/,https://m.media-amazon.com/images/I/61zacEPqipL._AC_UL320_.jpg,Amazon,2021-10-25T00:05:51,https://www.amazon.ca/s?k=lightning+deals
58,"Geek Wireless Earbuds, Bluetooth earbuds with Wireless Charging Exquisite Case USB-C, 36H Playtime Bluetooth Earphones Built-in Mic Dual Calls with 13mm Driver Lossless Sound Fantastic Bass, IPX8 Waterproof Wireless Headphones Travel Sports Headsets",37.77,0,https://www.amazon.ca/dp/B09CKSW7FV/,https://m.media-amazon.com/images/I/51JO50ZoLFL._AC_UL320_.jpg,Amazon,2021-10-25T00:05:51,https://www.amazon.ca/s?k=lightning+deals
59,"Bluetooth Wireless Earbuds -Touch Control Gaming Headset 36H Playtime Noise Reduction Build in mic for Siri,Phone Call,Music/Game Mold",41.59,0,https://www.amazon.ca/dp/B09DKXHYQJ/,https://m.media-amazon.com/images/I/61l-PV+F6ML._AC_UL320_.jpg,Amazon,2021-10-25T00:05:51,https://www.amazon.ca/s?k=lightning+deals
60,Saxx Men's Underwear - Daytripper Boxer Briefs with Built-in Ballpark Pouch Support – Pack of 2,47.95,0,https://www.amazon.ca/dp/B07PGQ2B8J/,https://m.media-amazon.com/images/I/81cLziChMbL._AC_UL320_.jpg,Amazon,2021-10-25T00:05:51,https://www.amazon.ca/s?k=lightning+deals
61,Saxx Men's Underwear – Vibe Men’s Underwear – Boxer Briefs with Built-in Ballpark Pouch Support - Core,33.95,0,https://www.amazon.ca/dp/B016OE5PJQ/,https://m.media-amazon.com/images/I/91GlsJS4O+L._AC_UL320_.jpg,Amazon,2021-10-25T00:05:51,https://www.amazon.ca/s?k=lightning+deals
62,"250W LED High Bay Light 35,000LM (140Lm/w) 5000K Daylight (for 18 to 24ft Ceiling, 1000W HID/HPS Replacement) 1-10v dimmer UL Listed HYPERLITE High Bay LED Light for Factory Warehouse Church",152.99,169.99,https://www.amazon.ca/dp/B07WLVG6RX/,https://m.media-amazon.com/images/I/612N0b-IwbL._AC_UL320_.jpg,Amazon,2021-10-25T00:05:51,https://www.amazon.ca/s?k=lightning+deals
63,Men's Underwear Ultra Cotton Modal Boxer Briefs with Fly Boxer Shorts in 3 Pack,43.99,0,https://www.amazon.ca/dp/B08XLWS671/,https://m.media-amazon.com/images/I/61n4iHVhZIS._AC_UL320_.jpg,Amazon,2021-10-25T00:05:51,https://www.amazon.ca/s?k=lightning+deals
64,"SUNNEST Window Curtain String Light 300 LED 8 Lighting Modes Fairy Lights Remote Control USB Powered Waterproof Lights for Christmas Bedroom Party Wedding Home Garden Wall Decorations,(Warm White)",23.99,0,https://www.amazon.ca/dp/B07ZGD6SQ9/,https://m.media-amazon.com/images/I/71Zum+TGEbL._AC_UL320_.jpg,Amazon,2021-10-25T00:05:51,https://www.amazon.ca/s?k=lightning+deals
65,4pcs 8mm Natural Healing Stone Bracelets for Men Women Beaded Bracelets Elastic Tree of Life Charm,18.99,0,https://www.amazon.ca/dp/B075ZPJ8JY/,https://m.media-amazon.com/images/I/81ZmqOAdHhL._AC_UL320_.jpg,Amazon,2021-10-25T00:05:51,https://www.amazon.ca/s?k=lightning+deals
66,"USB C Charger, INIU [2 Pack] 25W PD 3.0 Fast Charging Mini Wall Charger, Universal Power Adapter Plug Compatible with iPhone 12 11 Pro XR X 8 Samsung S21 S20 Note 20 iPad Airpods Google LG Switch etc.",23.98,0,https://www.amazon.ca/dp/B0965929WQ/,https://m.media-amazon.com/images/I/51QinalHfPS._AC_UL320_.jpg,Amazon,2021-10-25T00:05:51,https://www.amazon.ca/s?k=lightning+deals
67,Men's Classic Black Resin Strap Watch Digital F91W-1,19.39,24.00,https://www.amazon.ca/dp/B000GAWSDG/,https://m.media-amazon.com/images/I/71EMyUkCSLS._AC_UL320_.jpg,Amazon,2021-10-25T00:05:51,https://www.amazon.ca/s?k=lightning+deals
68,"CyberPower P4WSU Professional Surge Protector, 900J/125V, 4 Swivel Outlets, 4 USB Charge Ports, White Wall Tap",29.41,0,https://www.amazon.ca/dp/B07VCGVDSS/,https://m.media-amazon.com/images/I/71tthHfbfnL._AC_UL320_.jpg,Amazon,2021-10-25T00:05:51,https://www.amazon.ca/s?k=lightning+deals
69,Polarized Sunglasses for Men and Women Semi-Rimless Frame Driving Sun glasses 100% UV Blocking,28.04,32.99,https://www.amazon.ca/dp/B07MW7BBX5/,https://m.media-amazon.com/images/I/61HTfyHff1L._AC_UL320_.jpg,Amazon,2021-10-25T00:05:51,https://www.amazon.ca/s?k=lightning+deals
70,iwoly V600 Vacuum Cleaner Corded Bagless Stick and Handheld Vacuum with 7m Long Power Cord,89.99,0,https://www.amazon.ca/dp/B07RGTV61N/,https://m.media-amazon.com/images/I/717peHM8aLL._AC_UL320_.jpg,Amazon,2021-10-25T00:05:51,https://www.amazon.ca/s?k=lightning+deals
71,Women's LA670WA-1 Daily Alarm Digital Watch,31.00,0,https://www.amazon.ca/dp/B000GB0G2A/,https://m.media-amazon.com/images/I/71AFLoXJWQL._AC_UL320_.jpg,Amazon,2021-10-25T00:05:51,https://www.amazon.ca/s?k=lightning+deals
72,Mens Jersey Short with Pockets,12.99,0,https://www.amazon.ca/dp/B01BUJ0NZQ/,https://m.media-amazon.com/images/I/81vAeOQuDWL._AC_UL320_.jpg,Amazon,2021-10-25T00:05:51,https://www.amazon.ca/s?k=lightning+deals
73,Mens Authentics Classic Relaxed Fit Jean,29.99,0,https://www.amazon.ca/dp/B00XKXW4HG/,https://m.media-amazon.com/images/I/71-KKTMxOsL._AC_UL320_.jpg,Amazon,2021-10-25T00:05:51,https://www.amazon.ca/s?k=lightning+deals
74,Short Lightning Cable (2Pack 7Inch) USB Charger Cord for Apple iPhone 13/12/11/Xs Max/Xr/X/8/7/6/6s Plus/SE/5c/5s/5 iPad Air Pro/Mini Phone Charging Wire,11.99,0,https://www.amazon.ca/dp/B07KMQLFMP/,https://m.media-amazon.com/images/I/51ckYln2yUL._AC_UL320_.jpg,Amazon,2021-10-25T00:05:51,https://www.amazon.ca/s?k=lightning+deals
75,"INSE Vacuum Cleaner Corded Bagless Stick 18 KPA Powerful Suction, Multipurpose 3 in 1 Handheld Vac with 6m Power Cord",69.98,98.99,https://www.amazon.ca/dp/B08TWSKCP6/,https://m.media-amazon.com/images/I/71XWwvtjDGL._AC_UL320_.jpg,Amazon,2021-10-25T00:05:51,https://www.amazon.ca/s?k=lightning+deals
76,"NICETOWN Window Treatment Blackout Curtains - Kitchen/Dining Room Thermal Insulated Curtains/Rideau de Fenêtre (1 Panel, W52 x L63, Teal Blue)",25.99,0,https://www.amazon.ca/dp/B018JQRUFE/,https://m.media-amazon.com/images/I/519f6iNr8rL._AC_UL320_.jpg,Amazon,2021-10-25T00:05:51,https://www.amazon.ca/s?k=lightning+deals
77,"Marchpower iPhone Charger, 2 Pack 6ft Lightning Cable with Dual Port iPhone ipad Charger Block Plug, Compatible with iPhone 13 12 SE 11 Pro MAX X XS 8 7 ipad iPod AirPods -White",19.99,0,https://www.amazon.ca/dp/B08G4BBBF2/,https://m.media-amazon.com/images/I/51v6pxu85lL._AC_UL320_.jpg,Amazon,2021-10-25T00:05:51,https://www.amazon.ca/s?k=lightning+deals
78,womens Performance Heel Tab Athletic Socks (8 & 16 Pairs),32.49,0,https://www.amazon.ca/dp/B07MRC3ZC2/,https://m.media-amazon.com/images/I/91x8tpSy3TL._AC_UL320_.jpg,Amazon,2021-10-25T00:05:51,https://www.amazon.ca/s?k=lightning+deals
79,"iPhone 12 Charger Cable, USB C to Lightning Fast Charging Cable 6.6ft MFi Certified for iPhone 12, 12 Pro Max, 12 Mini, iPhone 11 Pro Max, X, XS, XR, 8, iPad Pro 12.9 inch Gen 1/2, iPad Air 3, Mini 5",15.98,0,https://www.amazon.ca/dp/B08LNHZLK7/,https://m.media-amazon.com/images/I/51Aw0Aors6L._AC_UL320_.jpg,Amazon,2021-10-25T00:05:51,https://www.amazon.ca/s?k=lightning+deals
80,Women's Tops Casual Sleeveless V-Neck T-Shirts Tank Summer Blouse Shirts Soft Loose Tunic,17.99,23.99,https://www.amazon.ca/dp/B08RCJNZZ9/,https://m.media-amazon.com/images/I/71SJcLG1BSL._AC_UL320_.jpg,Amazon,2021-10-25T00:05:51,https://www.amazon.ca/s?k=lightning+deals
81,"Wireless Earbuds, Bluetooth 5.0 Earbuds Touch Control in-Ear True Wireless Headphones, 20 Hrs Playtime with Charging Case, Hi-Fi Stereo Earbuds with Built-in Mic for Sports and Work (White)",29.99,0,https://www.amazon.ca/dp/B09HT3F5HF/,https://m.media-amazon.com/images/I/41gIIcXhS9L._AC_UL320_.jpg,Amazon,2021-10-25T00:05:51,https://www.amazon.ca/s?k=lightning+deals
82,"Kenmore Intuition BU4022 Bagged Upright Vacuum Pet Friendly Carpet Vacuum Cleaner 2-Motor Power Suction with HEPA Filter, Pet Handi-Mate, 3-in-1 Combination Tool for Carpet, Floor, Pet Hair and Sofa",329.99,373.99,https://www.amazon.ca/dp/B08CXPQXL5/,https://m.media-amazon.com/images/I/51U0oYcWg3L._AC_UL320_.jpg,Amazon,2021-10-25T00:05:51,https://www.amazon.ca/s?k=lightning+deals
83,"Wireless Earbuds-Football Bluetooth 5.1 Earbuds-Touch Control,Noise Reduction,Fast Charging,Long Battery time,32H Playback time",29.90,0,https://www.amazon.ca/dp/B09DL37WLX/,https://m.media-amazon.com/images/I/61SHBuQuSTL._AC_UL320_.jpg,Amazon,2021-10-25T00:05:51,https://www.amazon.ca/s?k=lightning+deals
84,"USB C Charger, 20W PD Dual Port Fast Phone Charger, USB Wall Charger with Foldable Plug, TESSAN Portable Power Adapter Charging Block Compatible with iPhone 13 12 11 Mini Pro Max 11 Galaxy",21.99,0,https://www.amazon.ca/dp/B08ZY8XCT8/,https://m.media-amazon.com/images/I/5168hEo45iL._AC_UL320_.jpg,Amazon,2021-10-25T00:05:51,https://www.amazon.ca/s?k=lightning+deals
85,Fast Charging 5 Pack (3-3-6-6-10FT) iPhone Charger 90 Degree Data Cable Compatible with iPhone 12/11/ Pro/Max/X/XS/XR/XS Max/ 8/ Plus/7/7 Plus/6/6S/6 Plus (Red Black),19.99,22.99,https://www.amazon.ca/dp/B07QVXH6J3/,https://m.media-amazon.com/images/I/61N0zbqvUzL._AC_UL320_.jpg,Amazon,2021-10-25T00:05:51,https://www.amazon.ca/s?k=lightning+deals
86,"3D Sleep Mask By PrettyCare 2 Pack (Blue and Black) Eye Mask for Sleeping, Contoured Sleep Mask Blindfold with an Ear Plugs, Silk Travel Bag, Night Eyeshade for Men and Women",19.95,0,https://www.amazon.ca/dp/B019JY9BO8/,https://m.media-amazon.com/images/I/71ZjRCUL1pL._AC_UL320_.jpg,Amazon,2021-10-25T00:05:51,https://www.amazon.ca/s?k=lightning+deals
87,Polarized Sunglasses for Men and Women UV Protection Sun Glasses Ideal for Outdoor Activity Car Darive Leisure Time,29.99,0,https://www.amazon.ca/dp/B08ZHXRJ7L/,https://m.media-amazon.com/images/I/61e7x9t33+L._AC_UL320_.jpg,Amazon,2021-10-25T00:05:51,https://www.amazon.ca/s?k=lightning+deals
88,"SHW Home Office Computer Desks, Black, 48-Inch (121 cm W x 60 cm D)",99.87,0,https://www.amazon.ca/dp/B07Q33BDKC/,https://m.media-amazon.com/images/I/81FeCI035nL._AC_UL320_.jpg,Amazon,2021-10-25T00:05:51,https://www.amazon.ca/s?k=lightning+deals
89,Womens Modern-Skinny Jean,35.56,0,https://www.amazon.ca/dp/B077R57GTM/,https://m.media-amazon.com/images/I/71Fy9xX5EtL._AC_UL320_.jpg,Amazon,2021-10-25T00:05:51,https://www.amazon.ca/s?k=lightning+deals
90,"Wireless Earbuds Qualcomm Chip Apt-X Decoding CVC8.0 Noise Reduction Tech Bluetooth Earbuds Last for 8H Playtime, Built-in Mic Stereo Call Wireless Earphones Deep Bass Sound Bluetooth V5.0 Headphones with IPX8 Waterproof Snug for Sport Headsets",39.99,0,https://www.amazon.ca/dp/B09BYYZQFS/,https://m.media-amazon.com/images/I/61ICJH3V4OL._AC_UL320_.jpg,Amazon,2021-10-25T00:05:51,https://www.amazon.ca/s?k=lightning+deals
91,Men Casual Sports Shorts Flat Front Shorts Running Athletic Summer Beach Elastic Waist Cotton Short Pants,42.99,0,https://www.amazon.ca/dp/B093KZZTK9/,https://m.media-amazon.com/images/I/51khOZoeeCS._AC_UL320_.jpg,Amazon,2021-10-25T00:05:51,https://www.amazon.ca/s?k=lightning+deals
92,"Fast Charge 3.0, Excgood [2-Pack] 18W Flat QC USB Wall Charger Foldable Fast Charger Block Compatible with Wireless Charger, Samsung Galaxy S10/8/9,Note9/8,LG G5/6 V20/30,HTC,iPhone,iPad,- White",18.99,0,https://www.amazon.ca/dp/B088H39V22/,https://m.media-amazon.com/images/I/6119iwG53-L._AC_UL320_.jpg,Amazon,2021-10-25T00:05:51,https://www.amazon.ca/s?k=lightning+deals
93,"3 Pack 10 FT iPhone Charger Fast Charging and Nylon Braided 90 Degree Data Cable for iPhone 12/11/ Pro/Max/X/XS/XR/XS Max/ 8/ Plus/7/7 Plus/6/6S/6 Plus and Other Models (Gray, 10FT)",14.99,0,https://www.amazon.ca/dp/B07QTX1Y2C/,https://m.media-amazon.com/images/I/71Yr1if4lOL._AC_UL320_.jpg,Amazon,2021-10-25T00:05:51,https://www.amazon.ca/s?k=lightning+deals
94,"Fineliner Pen, Chukchi Fine Line Drawing Pen Fineliner Color Pens Set 0.38mm Colored Fine Line Point Markers Perfect for Coloring Book Bullet Journal Art Projects Pack of 10 Assorted Colors (1 Pack)",8.99,15.99,https://www.amazon.ca/dp/B073S3HFP9/,https://m.media-amazon.com/images/I/611JDfJBhsL._AC_UL320_.jpg,Amazon,2021-10-25T00:05:51,https://www.amazon.ca/s?k=lightning+deals
95,"Nature's Blossom Bonsai Tree Kit - Grow 4 Types of Bonsai Trees From Seed. Indoor / Outdoor Gardening Starter Set with Tree Seeds, Soil, Pots, Labels, Growing Guide.",74.99,0,https://www.amazon.ca/dp/B01EFX6VMS/,https://m.media-amazon.com/images/I/91sYBVxTXgL._AC_UL320_.jpg,Amazon,2021-10-25T00:05:51,https://www.amazon.ca/s?k=lightning+deals
96,Women's LA20WH-1ACF Classic Digital Black Resin Watch,25.99,0,https://www.amazon.ca/dp/B0067MWDPA/,https://m.media-amazon.com/images/I/615eXdZslwS._AC_UL320_.jpg,Amazon,2021-10-25T00:05:51,https://www.amazon.ca/s?k=lightning+deals
97,Women's Comfort Revolution Wire Free,29.11,34.44,https://www.amazon.ca/dp/B00550PNLQ/,https://m.media-amazon.com/images/I/71AKCApXCcL._AC_UL320_.jpg,Amazon,2021-10-25T00:05:51,https://www.amazon.ca/s?k=lightning+deals
98,"EverBrite 5-Pack LED Headlamp Flashlight for Running, Camping, Reading, Fishing, Hunting, Walking, Jogging - Head Lamps Long Battery Life (Batteries Included), Durable, Lightweight",29.99,0,https://www.amazon.ca/dp/B01CTX7BX4/,https://m.media-amazon.com/images/I/81cFtahSCrL._AC_UL320_.jpg,Amazon,2021-10-25T00:05:51,https://www.amazon.ca/s?k=lightning+deals
99,Womens Blissful Benefits No Muffin Top 3 Pack Lace Hipster Panties Hipster Panties,16.99,0,https://www.amazon.ca/dp/B076DV59NP/,https://m.media-amazon.com/images/I/8178jHEULtS._AC_UL320_.jpg,Amazon,2021-10-25T00:05:51,https://www.amazon.ca/s?k=lightning+deals
100,"Scotch Thermal Laminating Sheets, 9"" x 11.5"", 3-Mil Thick, 50 Laminating Pouches",18.97,0,https://www.amazon.ca/dp/B00GGBHMWQ/,https://m.media-amazon.com/images/I/712ktzRcrmL._AC_UL320_.jpg,Amazon,2021-10-25T00:05:51,https://www.amazon.ca/s?k=lightning+deals
101,Womens Underwear Varity of Underwear for Women Pack Briefs Thongs Boxer Lacy Panties Tanga 10 Pack,27.99,0,https://www.amazon.ca/dp/B07QGJSSB3/,https://m.media-amazon.com/images/I/71+UtWnr3dL._AC_UL320_.jpg,Amazon,2021-10-25T00:05:51,https://www.amazon.ca/s?k=lightning+deals
102,"SPRINGSPIRIT Waterproof Mattress Protector Bamboo Twin Size Hypoallergenic Vinyl Free TPU Noiseless Bed Mattress Cover, Ultra Breathable Premium 100% Bamboo Jersey Single Mattress Protector Fitted up to 14'' Depth Pocket (39 x 75inch)",29.99,0,https://www.amazon.ca/dp/B08BCDD4QR/,https://m.media-amazon.com/images/I/71yAdbbfIzL._AC_UL320_.jpg,Amazon,2021-10-25T00:05:51,https://www.amazon.ca/s?k=lightning+deals
103,"Men's Ultra Cotton Adult Long Sleeve T-Shirt, 2-Pack",21.99,0,https://www.amazon.ca/dp/B07683LB6Q/,https://m.media-amazon.com/images/I/61HxBf1puDL._AC_UL320_.jpg,Amazon,2021-10-25T00:05:51,https://www.amazon.ca/s?k=lightning+deals
104,"AmazonBasics Light-Weight Microfiber Sheet Set - Full, Navy Pinstripe",30.64,0,https://www.amazon.ca/dp/B07QT9NZFK/,https://m.media-amazon.com/images/I/81iAeI27P+L._AC_UL320_.jpg,Amazon,2021-10-25T00:05:51,https://www.amazon.ca/s?k=lightning+deals
105,"Women’s Organic Cotton Stretch Bikini Panties 6-Pack, Oeko-TEX Standard, Black, Blue, Grey Underwear",32.95,0,https://www.amazon.ca/dp/B084KJ3XLC/,https://m.media-amazon.com/images/I/71xa9Z10wEL._AC_UL320_.jpg,Amazon,2021-10-25T00:05:51,https://www.amazon.ca/s?k=lightning+deals
106,"Mellanni Bed Sheet Set - HIGHEST QUALITY Brushed Microfiber 1800 Bedding - Deep Pocket, Wrinkle, Fade, Stain Resistant - Hypoallergenic - 4 Piece - Queen, Emerald Green",50.42,0,https://www.amazon.ca/dp/B01DN0ALM0/,https://m.media-amazon.com/images/I/619e-7L+jkL._AC_UL320_.jpg,Amazon,2021-10-25T00:05:51,https://www.amazon.ca/s?k=lightning+deals
107,Womens 18 Hour Ultimate Lift and Support Wire Free Bra,32.09,0,https://www.amazon.ca/dp/B07DNWRQ3Y/,https://m.media-amazon.com/images/I/71r9GHEdU5S._AC_UL320_.jpg,Amazon,2021-10-25T00:05:51,https://www.amazon.ca/s?k=lightning+deals
108,Men's W-217H-9AVCF Classic Digital Display Quartz Black Watch,26.33,0,https://www.amazon.ca/dp/B0721BB2ZW/,https://m.media-amazon.com/images/I/814xtc+jWVL._AC_UL320_.jpg,Amazon,2021-10-25T00:05:51,https://www.amazon.ca/s?k=lightning+deals
109,"Mens Leather Bracelet Magnetic-Clasp Cowhide Braided Multi-Layer Wrap Mens Bracelet,7""-8.7""",19.99,0,https://www.amazon.ca/dp/B01I174YPK/,https://m.media-amazon.com/images/I/61pqEbnCTGL._AC_UL320_.jpg,Amazon,2021-10-25T00:05:51,https://www.amazon.ca/s?k=lightning+deals
110,Women's Drawstring Hoodies Sweatshirts with Pockets Long Sleeve Pullover Hoodie Tops for Women Tunic,32.99,0,https://www.amazon.ca/dp/B08KDWHSZQ/,https://m.media-amazon.com/images/I/71zZ4XbIcOL._AC_UL320_.jpg,Amazon,2021-10-25T00:05:51,https://www.amazon.ca/s?k=lightning+deals
111,Cliganic USDA Organic Lip Balm Set - 6 Flavors - 100% Natural Moisturizer for Cracked & Dry Lips,9.99,0,https://www.amazon.ca/dp/B07X62WVM4/,https://m.media-amazon.com/images/I/71YbzhEU2AL._AC_UL320_.jpg,Amazon,2021-10-25T00:05:51,https://www.amazon.ca/s?k=lightning+deals
112,Men's Chiba,78.54,90.00,https://www.amazon.ca/dp/B001L1SB44/,https://m.media-amazon.com/images/I/81s8gEmRNnL._AC_UL320_.jpg,Amazon,2021-10-25T00:05:51,https://www.amazon.ca/s?k=lightning+deals
113,"iPhone Charger, 6Pack 3FT Lightning Cable Sundix iPhone Charger Cable Charging Cord Compatible iPhone Xs MAX XR X 8 8Plus 7 7Plus 6s 6sPlus 6 6Plus SE 5 SE iPad iPod & More (White)",18.59,20.99,https://www.amazon.ca/dp/B07W54VLPQ/,https://m.media-amazon.com/images/I/61REAdEEaEL._AC_UL320_.jpg,Amazon,2021-10-25T00:05:51,https://www.amazon.ca/s?k=lightning+deals
114,Womens Blissful Benefits No Muffin Top 3 Pack Brief Panty,14.29,0,https://www.amazon.ca/dp/B076DV9S8K/,https://m.media-amazon.com/images/I/61cT2HjFeXS._AC_UL320_.jpg,Amazon,2021-10-25T00:05:51,https://www.amazon.ca/s?k=lightning+deals
115,"K-Y Personal Lubricant, Gel 113 gram",5.99,0,https://www.amazon.ca/dp/B00WLKYOC2/,https://m.media-amazon.com/images/I/51kr2BgSe5L._AC_UL320_.jpg,Amazon,2021-10-25T00:05:51,https://www.amazon.ca/s?k=lightning+deals
116,Women's High Waisted Cotton Underwear Stretch Briefs Soft Full Coverage Panties Multipack (Regular& Plus Size),29.99,40.99,https://www.amazon.ca/dp/B07RN63526/,https://m.media-amazon.com/images/I/61dpCKpdjHL._AC_UL320_.jpg,Amazon,2021-10-25T00:05:51,https://www.amazon.ca/s?k=lightning+deals
117,Women's Hoodies Sweatshirts with Pockets Long Sleeve Pullover Drawstring Hoodie Tops for Women Blouse,32.99,0,https://www.amazon.ca/dp/B08JTVD322/,https://m.media-amazon.com/images/I/71EAGXg8ddL._AC_UL320_.jpg,Amazon,2021-10-25T00:05:51,https://www.amazon.ca/s?k=lightning+deals
118,"Women Touch Screen Crossbody Phone Purse, RFID Shoulder Handbags Credit Card Wallet",28.99,30.99,https://www.amazon.ca/dp/B08DXCZ4X8/,https://m.media-amazon.com/images/I/61GQqoh0A5L._AC_UL320_.jpg,Amazon,2021-10-25T00:05:51,https://www.amazon.ca/s?k=lightning+deals
119,Saxx Underwear Men's Trunk Underwear – Vibe Men’s Underwear – Trunk Briefs with Built-in Ballpark Pouch Support,34.00,0,https://www.amazon.ca/dp/B07HYBP2YH/,https://m.media-amazon.com/images/I/61TxLZ0WoRL._AC_UL320_.jpg,Amazon,2021-10-25T00:05:51,https://www.amazon.ca/s?k=lightning+deals
120,Saxx Men's Underwear - Daytripper Boxer Briefs with Built-in Ballpark Pouch Support – Pack of 2,47.95,0,https://www.amazon.ca/dp/B07PGQ2B8J/,https://m.media-amazon.com/images/I/81cLziChMbL._AC_UL320_.jpg,Amazon,2021-10-25T00:05:51,https://www.amazon.ca/s?k=lightning+deals
121,Saxx Men's Underwear – Vibe Men’s Underwear – Boxer Briefs with Built-in Ballpark Pouch Support - Core,33.95,0,https://www.amazon.ca/dp/B016OE5PJQ/,https://m.media-amazon.com/images/I/91GlsJS4O+L._AC_UL320_.jpg,Amazon,2021-10-25T00:05:51,https://www.amazon.ca/s?k=lightning+deals
122,"250W LED High Bay Light 35,000LM (140Lm/w) 5000K Daylight (for 18 to 24ft Ceiling, 1000W HID/HPS Replacement) 1-10v dimmer UL Listed HYPERLITE High Bay LED Light for Factory Warehouse Church",152.99,169.99,https://www.amazon.ca/dp/B07WLVG6RX/,https://m.media-amazon.com/images/I/612N0b-IwbL._AC_UL320_.jpg,Amazon,2021-10-25T00:05:51,https://www.amazon.ca/s?k=lightning+deals
123,Women's Tops Casual Sleeveless V-Neck T-Shirts Tank Summer Blouse Shirts Soft Loose Tunic,17.99,23.99,https://www.amazon.ca/dp/B08RCJNZZ9/,https://m.media-amazon.com/images/I/71SJcLG1BSL._AC_UL320_.jpg,Amazon,2021-10-25T00:05:51,https://www.amazon.ca/s?k=lightning+deals
124,Women's Terran Mid Calf Built-in Wallet Pocket Combat Boots,62.99,0,https://www.amazon.ca/dp/B01GEZODPM/,https://m.media-amazon.com/images/I/71uM030YF8L._AC_UL320_.jpg,Amazon,2021-10-25T00:05:51,https://www.amazon.ca/s?k=lightning+deals
125,"TubShroom TSBLU454 The Revolutionary Tub Drain Protector Hair Catcher/Strainer/Snare, Blue",14.99,0,https://www.amazon.ca/dp/B01BYRMGCC/,https://m.media-amazon.com/images/I/71HQOgqyyXS._AC_UL320_.jpg,Amazon,2021-10-25T00:05:51,https://www.amazon.ca/s?k=lightning+deals
126,Womens 18 Hour Original Comfort Strap Full Coverage Bra Us4693,29.11,32.68,https://www.amazon.ca/dp/B01M358XZ7/,https://m.media-amazon.com/images/I/81mtNnh5HOL._AC_UL320_.jpg,Amazon,2021-10-25T00:05:51,https://www.amazon.ca/s?k=lightning+deals
127,"Fractionated Coconut Oil - Relaxing Massage Oil, Liquid Carrier Oil for Diluting Essential Oils - Skin, Lip, Body & Hair Oil Moisturizer & Softener - 16 fl oz",23.96,0,https://www.amazon.ca/dp/B00PMR3QF2/,https://m.media-amazon.com/images/I/61OZP3bI-UL._AC_UL320_.jpg,Amazon,2021-10-25T00:05:51,https://www.amazon.ca/s?k=lightning+deals
128,Men's Charged Assert 8 Mrble Running Shoe,94.99,0,https://www.amazon.ca/dp/B07J2BS54G/,https://m.media-amazon.com/images/I/71B9s9czwML._AC_UL320_.jpg,Amazon,2021-10-25T00:05:51,https://www.amazon.ca/s?k=lightning+deals
129,Women's Long Sleeve V Neck Polyester Blouses Tops Button Down Business Shirts,19.99,0,https://www.amazon.ca/dp/B099683HRM/,https://m.media-amazon.com/images/I/71a7Cl2XAOS._AC_UL320_.jpg,Amazon,2021-10-25T00:05:51,https://www.amazon.ca/s?k=lightning+deals
130,"Women's Comfortable Orthotic Flip-Flops Sandal (US Women 9, Matt Wine)",41.99,0,https://www.amazon.ca/dp/B07B2VC51J/,https://m.media-amazon.com/images/I/71Xgg-5ceaS._AC_UL320_.jpg,Amazon,2021-10-25T00:05:51,https://www.amazon.ca/s?k=lightning+deals
131,Women's Faux Fur-Lined Knee High Winter Boots,55.99,0,https://www.amazon.ca/dp/B01G9CTGNE/,https://m.media-amazon.com/images/I/61TJKQ-w4QL._AC_UL320_.jpg,Amazon,2021-10-25T00:05:51,https://www.amazon.ca/s?k=lightning+deals
132,Men's White Ledge Mid Waterproof Hiking Boot,145.38,0,https://www.amazon.ca/dp/B005MI8JM6/,https://m.media-amazon.com/images/I/81BiW8VztAL._AC_UL320_.jpg,Amazon,2021-10-25T00:05:51,https://www.amazon.ca/s?k=lightning+deals
133,Mens Covered Waistband Boxer Brief Multipack,28.58,0,https://www.amazon.ca/dp/B077ZMVNRW/,https://m.media-amazon.com/images/I/81WPiqkwWpL._AC_UL320_.jpg,Amazon,2021-10-25T00:05:51,https://www.amazon.ca/s?k=lightning+deals
134,Women’s This is Not a Bra Full-Coverage Underwire Bra,29.11,0,https://www.amazon.ca/dp/B00378LD9O/,https://m.media-amazon.com/images/I/71OTr-rHZmL._AC_UL320_.jpg,Amazon,2021-10-25T00:05:51,https://www.amazon.ca/s?k=lightning+deals
135,Women's Crest Vibe Sneaker,70.49,80.00,https://www.amazon.ca/dp/B07VFWHDLZ/,https://m.media-amazon.com/images/I/71KiKlI3zaL._AC_UL320_.jpg,Amazon,2021-10-25T00:05:51,https://www.amazon.ca/s?k=lightning+deals
136,"Wake Up Light Sunrise Alarm Clock for Heavy Sleepers, Kids, Bedrooms, 7 Colors, 9 Natural Sounds with Sunrise Simulation, Dual Alarms, FM Radio, Snooze, Nightlight, Daylight, Sleep Aid",59.85,0,https://www.amazon.ca/dp/B09GK2PS6T/,https://m.media-amazon.com/images/I/51bGbQKrfsL._AC_UL320_.jpg,Amazon,2021-10-25T00:05:51,https://www.amazon.ca/s?k=lightning+deals
137,Love Cat Heart Pendant Necklace for Women Crystal Necklace Birthday Jewelry Gifts for Mom Daughter Girlfriend,30.99,0,https://www.amazon.ca/dp/B088314D2P/,https://m.media-amazon.com/images/I/61n2jZZGiuL._AC_UL320_.jpg,Amazon,2021-10-25T00:05:51,https://www.amazon.ca/s?k=lightning+deals
138,Women Button Down Blouse Long Sleeve T Shirts Casual Henley Tunic Tops,27.85,0,https://www.amazon.ca/dp/B08M9N8HJW/,https://m.media-amazon.com/images/I/61xnty3MZLL._AC_UL320_.jpg,Amazon,2021-10-25T00:05:51,https://www.amazon.ca/s?k=lightning+deals
139,"BESTOPE Blackhead Remover Pimple Comedone Extractor Tool Best Acne Removal Kit - Treatment for Blemish, Whitehead Popping, Zit Removing for Risk Free Nose Face Skin with Metal Case",12.99,0,https://www.amazon.ca/dp/B01M6D0T9R/,https://m.media-amazon.com/images/I/71PAR7pMutL._AC_UL320_.jpg,Amazon,2021-10-25T00:05:51,https://www.amazon.ca/s?k=lightning+deals
140,Polarized Sunglasses for Men and Women UV Protection Sun Glasses Ideal for Outdoor Activity Car Darive Leisure Time,29.99,0,https://www.amazon.ca/dp/B08ZHXRJ7L/,https://m.media-amazon.com/images/I/61e7x9t33+L._AC_UL320_.jpg,Amazon,2021-10-25T00:05:51,https://www.amazon.ca/s?k=lightning+deals
141,"Wireless Earbuds, Bluetooth 5.0 Earbuds Touch Control in-Ear True Wireless Headphones, 20 Hrs Playtime with Charging Case, Hi-Fi Stereo Earbuds with Built-in Mic for Sports and Work (White)",29.99,0,https://www.amazon.ca/dp/B09HT3F5HF/,https://m.media-amazon.com/images/I/41gIIcXhS9L._AC_UL320_.jpg,Amazon,2021-10-25T00:05:51,https://www.amazon.ca/s?k=lightning+deals
142,"Kenmore Intuition BU4022 Bagged Upright Vacuum Pet Friendly Carpet Vacuum Cleaner 2-Motor Power Suction with HEPA Filter, Pet Handi-Mate, 3-in-1 Combination Tool for Carpet, Floor, Pet Hair and Sofa",329.99,373.99,https://www.amazon.ca/dp/B08CXPQXL5/,https://m.media-amazon.com/images/I/51U0oYcWg3L._AC_UL320_.jpg,Amazon,2021-10-25T00:05:51,https://www.amazon.ca/s?k=lightning+deals
143,"Wireless Earbuds-Football Bluetooth 5.1 Earbuds-Touch Control,Noise Reduction,Fast Charging,Long Battery time,32H Playback time",29.90,0,https://www.amazon.ca/dp/B09DL37WLX/,https://m.media-amazon.com/images/I/61SHBuQuSTL._AC_UL320_.jpg,Amazon,2021-10-25T00:05:51,https://www.amazon.ca/s?k=lightning+deals
144,Mens Coolzone Boxer Briefs (Assorted Colors),30.10,0,https://www.amazon.ca/dp/B07P7KKGY2/,https://m.media-amazon.com/images/I/81sjQjabxFL._AC_UL320_.jpg,Amazon,2021-10-25T00:05:51,https://www.amazon.ca/s?k=lightning+deals
145,Making Magic Happen Shirts for Womens Casual Short Sleeve Tops Soft T-Shirts with Sayings,18.99,21.41,https://www.amazon.ca/dp/B01HEPE1N0/,https://m.media-amazon.com/images/I/51C8e8gcLgL._AC_UL320_.jpg,Amazon,2021-10-25T00:05:51,https://www.amazon.ca/s?k=lightning+deals
146,"Women's Cotton Stretch Bikini Panty, 6-Pack",28.30,0,https://www.amazon.ca/dp/B07CJWMX3L/,https://m.media-amazon.com/images/I/81fAV6xoncL._AC_UL320_.jpg,Amazon,2021-10-25T00:05:51,https://www.amazon.ca/s?k=lightning+deals
147,Men's Casual Boots Leather Dress Motorcycle Ankle Boots,56.99,0,https://www.amazon.ca/dp/B01HK0TQ7K/,https://m.media-amazon.com/images/I/71kLkoSR9gL._AC_UL320_.jpg,Amazon,2021-10-25T00:05:51,https://www.amazon.ca/s?k=lightning+deals
148,"Introducing Fire TV Stick 4K Max streaming device, Wi-Fi 6, Alexa Voice Remote (includes TV controls)",74.99,0,https://www.amazon.ca/dp/B08MR2C1T7/,https://m.media-amazon.com/images/I/41LQZ3weaVL._AC_UL320_.jpg,Amazon,2021-10-25T00:05:51,https://www.amazon.ca/s?k=lightning+deals
149,"RENPHO Bluetooth Body Fat Scale BMI Scale Smart Digital Bathroom Wireless Weight Scale, Body Composition Analyzer with Smartphone App 396 lbs Black",33.13,51.99,https://www.amazon.ca/dp/B01N1UX8RW/,https://m.media-amazon.com/images/I/61gEwA84qhL._AC_UL320_.jpg,Amazon,2021-10-25T00:05:51,https://www.amazon.ca/s?k=lightning+deals
150,"LED Garage Light 80W E26 E27 8000LM Deformable LED Garage Ceiling Lights 6000K Daylight White Garage LED Light with 5 Adjustable LED Panels, LED Garage Lights for Warehouse Workshop Basement Lights - 2pack",39.99,0,https://www.amazon.ca/dp/B08K75G9DP/,https://m.media-amazon.com/images/I/71F0ygKZzfL._AC_UL320_.jpg,Amazon,2021-10-25T00:05:51,https://www.amazon.ca/s?k=lightning+deals
151,Mens Boxer Brief,24.98,0,https://www.amazon.ca/dp/B07THBK2Y1/,https://m.media-amazon.com/images/I/81AflRbL35L._AC_UL320_.jpg,Amazon,2021-10-25T00:05:51,https://www.amazon.ca/s?k=lightning+deals
152,KZ AZ09 Bluetooth 5.2 IPV5 Waterproof Noise Reduction Bluetooth Module Upgrade Cable Ear Hook for ZSX/ZSN/ZSNPRO/ZSNProX/ZS10PRO/AS12/AS16/ZAX/DQ6(C pin),31.99,33.99,https://www.amazon.ca/dp/B09292MSTF/,https://m.media-amazon.com/images/I/61LJrYgVPeL._AC_UL320_.jpg,Amazon,2021-10-25T00:05:51,https://www.amazon.ca/s?k=lightning+deals
153,"Betty Crocker Gluten Free Fruit Snacks Special Edition, 10-Count, 226 Gram",1.99,0,https://www.amazon.ca/dp/B00V4HQXIG/,https://m.media-amazon.com/images/I/919cadZv2aL._AC_UL320_.jpg,Amazon,2021-10-25T00:05:51,https://www.amazon.ca/s?k=lightning+deals
154,"JUANWE USB Type-C Flash Drive 64GB Dual Drive USB 3.0 Thumb Drive Memory Stick for USB-C Smartphones,New MacBook & Tablets,Samsung Galaxy S8/S8+/S9/S9+,Note7/8/9,A6S/A9S,Google Pixel,LG,Hua Wei,Blue",13.99,0,https://www.amazon.ca/dp/B07LBRKR5J/,https://m.media-amazon.com/images/I/51JLMbYxGoS._AC_UL320_.jpg,Amazon,2021-10-25T00:05:51,https://www.amazon.ca/s?k=lightning+deals
155,womens Non Terry No Show Low Cut Athletic Sport Sock 6-pack,12.81,22.99,https://www.amazon.ca/dp/B017XVZ062/,https://m.media-amazon.com/images/I/711wQ8V4zzS._AC_UL320_.jpg,Amazon,2021-10-25T00:05:51,https://www.amazon.ca/s?k=lightning+deals
156,Womens Underwear Beyondsoft Panties (Regular & Plus Size),30.99,0,https://www.amazon.ca/dp/B07L8YH7J6/,https://m.media-amazon.com/images/I/51XVzylu-dL._AC_UL320_.jpg,Amazon,2021-10-25T00:05:51,https://www.amazon.ca/s?k=lightning+deals
157,Men’s EcoSmart Fleece Sweatshirt,13.99,0,https://www.amazon.ca/dp/B071GCRXCV/,https://m.media-amazon.com/images/I/81fBr0EGoQL._AC_UL320_.jpg,Amazon,2021-10-25T00:05:51,https://www.amazon.ca/s?k=lightning+deals
158,"ACDelco AAA Super Alkaline Batteries in Recloseable Package, 24 Count , Blue",8.95,0,https://www.amazon.ca/dp/B00A9WM94E/,https://m.media-amazon.com/images/I/81d18kujihL._AC_UL320_.jpg,Amazon,2021-10-25T00:05:51,https://www.amazon.ca/s?k=lightning+deals
159,Women's Faith Casual Sweatshirts Hoodie Long Sleeve Sweatshirts,25.77,0,https://www.amazon.ca/dp/B07W8XF7XK/,https://m.media-amazon.com/images/I/51HFIq2wjPL._AC_UL320_.jpg,Amazon,2021-10-25T00:05:51,https://www.amazon.ca/s?k=lightning+deals
160,Women's Off One Shoulder Tops Long Sleeve Pullover Slouchy Baggy Sweater,37.99,0,https://www.amazon.ca/dp/B07KFV9SXH/,https://m.media-amazon.com/images/I/616eTbG0QpL._AC_UL320_.jpg,Amazon,2021-10-25T00:05:51,https://www.amazon.ca/s?k=lightning+deals
161,"Full HD Bluetooth Projector Built in DVD Player, 7000LM 1080P Supported, Portable Mini DVD Projector for Outdoor Movies, 250"" Home Theater, Compatible with iOS/Android/TV Stick/PS4/HDMI/USB/TF Card",209.98,249.99,https://www.amazon.ca/dp/B08SKHN885/,https://m.media-amazon.com/images/I/71ji0j52SoL._AC_UL320_.jpg,Amazon,2021-10-25T00:05:51,https://www.amazon.ca/s?k=lightning+deals
162,"Mens Classic-fit 9"" Short",19.54,21.00,https://www.amazon.ca/dp/B01JQT9AZ6/,https://m.media-amazon.com/images/I/81Kygli5ZTL._AC_UL320_.jpg,Amazon,2021-10-25T00:05:51,https://www.amazon.ca/s?k=lightning+deals
163,Blue Purple Pink Butterfly Crystal Bangle Wrist Link Bracelet Birthday Gift for Women Girls,29.99,0,https://www.amazon.ca/dp/B00U14J0EM/,https://m.media-amazon.com/images/I/61nIdHUFDsL._AC_UL320_.jpg,Amazon,2021-10-25T00:05:51,https://www.amazon.ca/s?k=lightning+deals
164,"GYUEM 18 feet Inflatable Outdoor Projector Movie Screen - Package with Rope, Blower, Tent Stakes - Portable,Great for Outdoor and Indoor Party Backyard Pool Watch Movies",179.99,196.99,https://www.amazon.ca/dp/B07GGSYNF7/,https://m.media-amazon.com/images/I/717hpr3LBVS._AC_UL320_.jpg,Amazon,2021-10-25T00:05:51,https://www.amazon.ca/s?k=lightning+deals
165,Womens 18 Hour Silky Soft Smoothing Wireless Bra Us4803,29.11,32.89,https://www.amazon.ca/dp/B00CZ7VOSS/,https://m.media-amazon.com/images/I/815B7V3JOIL._AC_UL320_.jpg,Amazon,2021-10-25T00:05:51,https://www.amazon.ca/s?k=lightning+deals
166,"4 Pack [Apple MFi Certified] Apple Charging Cables 3m, iPhone Chargers Lightning Cable 3 Meter, Fast iPhone Charging Cord for iPhone 12/11/11Pro/11Max/ X/XS/XR/XS Max/8/7, ipad(White)",25.99,0,https://www.amazon.ca/dp/B09BNDJVSL/,https://m.media-amazon.com/images/I/61PqQA+Su7L._AC_UL320_.jpg,Amazon,2021-10-25T00:05:51,https://www.amazon.ca/s?k=lightning+deals
167,"womens Essential No Show Socks, 6-pairs",25.99,0,https://www.amazon.ca/dp/B013P2HQUQ/,https://m.media-amazon.com/images/I/91U1-ONpXxL._AC_UL320_.jpg,Amazon,2021-10-25T00:05:51,https://www.amazon.ca/s?k=lightning+deals
168,Women Tunic Top Solid Color Round Neck Casual Loose Long Sleeve Sweatshirt T-Shirts Tops,28.99,0,https://www.amazon.ca/dp/B08GQG9L5J/,https://m.media-amazon.com/images/I/615ntkY2dyL._AC_UL320_.jpg,Amazon,2021-10-25T00:05:51,https://www.amazon.ca/s?k=lightning+deals
169,Women's Cold Shoulder Knit Long Sleeves Pullover Sweater Tops Blouse Tunic,39.99,0,https://www.amazon.ca/dp/B08FT6N8QQ/,https://m.media-amazon.com/images/I/71kwLQNq2ML._AC_UL320_.jpg,Amazon,2021-10-25T00:05:51,https://www.amazon.ca/s?k=lightning+deals
170,Women's Colby Fashion Casual Over The Knee Pull On Slouchy Boots,57.99,0,https://www.amazon.ca/dp/B072KLS8WH/,https://m.media-amazon.com/images/I/61RZmaXT8ZS._AC_UL320_.jpg,Amazon,2021-10-25T00:05:51,https://www.amazon.ca/s?k=lightning+deals
171,Womens Striped Color Block Long Sleeve Pullover Hoodies Sweatshirts Drawstring Tops,34.88,0,https://www.amazon.ca/dp/B099KH7MLG/,https://m.media-amazon.com/images/I/61KVrWujjhL._AC_UL320_.jpg,Amazon,2021-10-25T00:05:51,https://www.amazon.ca/s?k=lightning+deals
172,Men's Classic Fit Perfect Short,29.21,45.87,https://www.amazon.ca/dp/B009CTU9VK/,https://m.media-amazon.com/images/I/71+pfRLO5GL._AC_UL320_.jpg,Amazon,2021-10-25T00:05:51,https://www.amazon.ca/s?k=lightning+deals
173,Lightning Cable 10ft iPhone Charger Cable 3PACK 90 Degree Right Angle Nylon Braided Gaming Charging Cord Compatible with iPhone 13 12 11 X 8 7 6 Plus iPad(Black White),16.99,0,https://www.amazon.ca/dp/B08MSQYGJD/,https://m.media-amazon.com/images/I/71o8dL+NWzL._AC_UL320_.jpg,Amazon,2021-10-25T00:05:51,https://www.amazon.ca/s?k=lightning+deals
174,Mens Regular-Fit Quick-Dry Golf Polo Shirt,20.00,0,https://www.amazon.ca/dp/B07F1HF4BG/,https://m.media-amazon.com/images/I/91QFdaLUmwL._AC_UL320_.jpg,Amazon,2021-10-25T00:05:51,https://www.amazon.ca/s?k=lightning+deals
175,mens Multi-Pack Mesh Ventilating Comfort Fit Performance No-Show Socks,16.49,19.03,https://www.amazon.ca/dp/B082G3R3KK/,https://m.media-amazon.com/images/I/91xaMfWXT6L._AC_UL320_.jpg,Amazon,2021-10-25T00:05:51,https://www.amazon.ca/s?k=lightning+deals
176,Women's High Waisted Cotton Underwear Stretch Briefs Soft Full Coverage Panties Multipack (Regular& Plus Size),29.99,40.99,https://www.amazon.ca/dp/B07RN63526/,https://m.media-amazon.com/images/I/61dpCKpdjHL._AC_UL320_.jpg,Amazon,2021-10-25T00:05:51,https://www.amazon.ca/s?k=lightning+deals
177,"Wireless Earbuds, Newmsnr X12 Second Generation Upgrade Bluetooth Earbuds Advance 1532 Chip Bluetooth Headphones 3D Surround Stereo Bass Wireless Headphone IPX7 Waterproof Earphones AAC&CVC8.0 Noise Reduction Headphones For Blackberry/iPhone/Samsung/Huawei etc (X12Plus(Upgarde)-Black)",39.99,0,https://www.amazon.ca/dp/B08VRH5NVL/,https://m.media-amazon.com/images/I/61zacEPqipL._AC_UL320_.jpg,Amazon,2021-10-25T00:05:51,https://www.amazon.ca/s?k=lightning+deals
178,Women's Hoodies Sweatshirts with Pockets Long Sleeve Pullover Drawstring Hoodie Tops for Women Blouse,32.99,0,https://www.amazon.ca/dp/B08JTVD322/,https://m.media-amazon.com/images/I/71EAGXg8ddL._AC_UL320_.jpg,Amazon,2021-10-25T00:05:51,https://www.amazon.ca/s?k=lightning+deals
179,"Women Touch Screen Crossbody Phone Purse, RFID Shoulder Handbags Credit Card Wallet",28.99,30.99,https://www.amazon.ca/dp/B08DXCZ4X8/,https://m.media-amazon.com/images/I/61GQqoh0A5L._AC_UL320_.jpg,Amazon,2021-10-25T00:05:51,https://www.amazon.ca/s?k=lightning+deals
180,Saxx Men's Underwear - Daytripper Boxer Briefs with Built-in Ballpark Pouch Support – Pack of 2,47.95,0,https://www.amazon.ca/dp/B07PGQ2B8J/,https://m.media-amazon.com/images/I/81cLziChMbL._AC_UL320_.jpg,Amazon,2021-10-25T00:05:51,https://www.amazon.ca/s?k=lightning+deals
181,"Duracell CopperTop AA + AAA Batteries Combo Pack | AA 20 Count + AAA 16 Count | Long Lasting, All-Purpose Double A and Triple A Battery | Ideal for Household and Office Devices",38.98,0,https://www.amazon.ca/dp/B09B8HLVT5/,https://m.media-amazon.com/images/I/61UCkHYBWrL._AC_UL320_.jpg,Amazon,2021-10-25T00:05:51,https://www.amazon.ca/s?k=lightning+deals
182,Hog Hammock Moisture Wicking MicroModal Pouch Underwear For Men,40.82,0,https://www.amazon.ca/dp/B08QDSJYCS/,https://m.media-amazon.com/images/I/81N6k7I6X6S._AC_UL320_.jpg,Amazon,2021-10-25T00:05:51,https://www.amazon.ca/s?k=lightning+deals
183,Saxx Men's Underwear – Vibe Men’s Underwear – Boxer Briefs with Built-in Ballpark Pouch Support - Core,33.95,0,https://www.amazon.ca/dp/B016OE5PJQ/,https://m.media-amazon.com/images/I/91GlsJS4O+L._AC_UL320_.jpg,Amazon,2021-10-25T00:05:51,https://www.amazon.ca/s?k=lightning+deals
184,Womens Stretch Denim Leggings with Pockets,22.99,0,https://www.amazon.ca/dp/B01HIK9DU2/,https://m.media-amazon.com/images/I/81u5MmDfVxL._AC_UL320_.jpg,Amazon,2021-10-25T00:05:51,https://www.amazon.ca/s?k=lightning+deals
185,"Womens Sport Cool Dri Performance T-Shirt, Short Or Long Sleeve",13.99,0,https://www.amazon.ca/dp/B01M1P1553/,https://m.media-amazon.com/images/I/81PNPIqzubL._AC_UL320_.jpg,Amazon,2021-10-25T00:05:51,https://www.amazon.ca/s?k=lightning+deals
186,"SANSI 60W LED Garage Light, 6000lm Super Bright E26 LED Garage Ceiling Light with 4 Adjustable Panels, Deformable 5000K Daylight LED Light Bulbs for Garage, Warehouse, Basement",63.99,0,https://www.amazon.ca/dp/B07Z38445N/,https://m.media-amazon.com/images/I/61DUQVqx-0L._AC_UL320_.jpg,Amazon,2021-10-25T00:05:51,https://www.amazon.ca/s?k=lightning+deals
187,Men's Charged Pursuit 2 Running Shoe,90.00,94.99,https://www.amazon.ca/dp/B07Q2442L2/,https://m.media-amazon.com/images/I/91VVxJkPZWL._AC_UL320_.jpg,Amazon,2021-10-25T00:05:51,https://www.amazon.ca/s?k=lightning+deals
188,"NIM Textile Luxury Soft Sheets 1600 TC Softness Deep Pocket Fitted Sheet 4pc Bed Sheets Set Milano Collection Bedding - Eggplant, Full",34.95,0,https://www.amazon.ca/dp/B01EYVXDM2/,https://m.media-amazon.com/images/I/51ToEoYlHeL._AC_UL320_.jpg,Amazon,2021-10-25T00:05:51,https://www.amazon.ca/s?k=lightning+deals
189,Womens Amanda Classic Tapered Jean,40.89,0,https://www.amazon.ca/dp/B079VM4558/,https://m.media-amazon.com/images/I/71qIYjYHgFL._AC_UL320_.jpg,Amazon,2021-10-25T00:05:51,https://www.amazon.ca/s?k=lightning+deals
190,High Waisted Leggings for Women Tummy Control Workout Running Yoga Pants with Pockets,29.99,0,https://www.amazon.ca/dp/B092D7YGM9/,https://m.media-amazon.com/images/I/711Snv1YO8S._AC_UL320_.jpg,Amazon,2021-10-25T00:05:51,https://www.amazon.ca/s?k=lightning+deals
191,H&M Gift Card,25.00,0,https://www.amazon.ca/dp/B07YY2W1S1/,https://m.media-amazon.com/images/I/610ZjEP5e3L._AC_UL320_.jpg,Amazon,2021-10-25T00:05:51,https://www.amazon.ca/s?k=lightning+deals
192,"LED Garage Light, 60W E26 Deformable LED Garage Ceiling Lighting 6000LM Daylight Lamp Bulbs for Warehouse, Workshop, Barn, Basement, Commercial Bay (1)",16.79,19.79,https://www.amazon.ca/dp/B0866F5X9X/,https://m.media-amazon.com/images/I/61kFRBXOzjL._AC_UL320_.jpg,Amazon,2021-10-25T00:05:51,https://www.amazon.ca/s?k=lightning+deals
193,Kid's W001954 Cars Analog Watch with Striped Nylon Band,23.19,26.99,https://www.amazon.ca/dp/B00QTJUP7Y/,https://m.media-amazon.com/images/I/81LE62YeVlL._AC_UL320_.jpg,Amazon,2021-10-25T00:05:51,https://www.amazon.ca/s?k=lightning+deals
194,Women's Flowy Tank Tops Summer Sleeveless Loose Fit Pleated Tunic Shirts,25.99,0,https://www.amazon.ca/dp/B07DL7DFHL/,https://m.media-amazon.com/images/I/618qUvNuD5L._AC_UL320_.jpg,Amazon,2021-10-25T00:05:51,https://www.amazon.ca/s?k=lightning+deals
195,"Fire TV Stick 4K streaming device with Alexa Voice Remote (includes TV controls), Dolby Vision",69.99,0,https://www.amazon.ca/dp/B08XVW2CRY/,https://m.media-amazon.com/images/I/41-T11YJ0LL._AC_UL320_.jpg,Amazon,2021-10-25T00:05:51,https://www.amazon.ca/s?k=lightning+deals
196,RAOYI 5PCS 32GB Metal Key Flash Drive Memory Stick Thumb Pen Drive USB 2.0 Key Design (5 Mixed Colors:Black Blue Pink Gold Green),27.99,0,https://www.amazon.ca/dp/B07874RHNN/,https://m.media-amazon.com/images/I/7135Q1SBJ-L._AC_UL320_.jpg,Amazon,2021-10-25T00:05:51,https://www.amazon.ca/s?k=lightning+deals
197,"Casper Sleep Foam Pillow for Sleeping, Standard, White",134.53,0,https://www.amazon.ca/dp/B07YVRT6WY/,https://m.media-amazon.com/images/I/51HNrlYVXNL._AC_UL320_.jpg,Amazon,2021-10-25T00:05:51,https://www.amazon.ca/s?k=lightning+deals
198,Neewer 600W 5500K Photography Photo Video Portrait Studio Day Light Umbrella Continuous Lighting Kit for Camera Video Studio Shooting Umbrella Light,109.99,115.99,https://www.amazon.ca/dp/B013JV3J1I/,https://m.media-amazon.com/images/I/51g+UgIvOgL._AC_UL320_.jpg,Amazon,2021-10-25T00:05:51,https://www.amazon.ca/s?k=lightning+deals
199,Women's Casual Solid Color T Shirts Twist Knot Basic Tunics Tops Blouses S-2XL,36.99,0,https://www.amazon.ca/dp/B08LB5F795/,https://m.media-amazon.com/images/I/61GNA+MOH9L._AC_UL320_.jpg,Amazon,2021-10-25T00:05:51,https://www.amazon.ca/s?k=lightning+deals
200,"250W LED High Bay Light 35,000LM (140Lm/w) 5000K Daylight (for 18 to 24ft Ceiling, 1000W HID/HPS Replacement) 1-10v dimmer UL Listed HYPERLITE High Bay LED Light for Factory Warehouse Church",152.99,169.99,https://www.amazon.ca/dp/B07WLVG6RX/,https://m.media-amazon.com/images/I/612N0b-IwbL._AC_UL320_.jpg,Amazon,2021-10-25T00:05:51,https://www.amazon.ca/s?k=lightning+deals
201,Women's Tops Casual Sleeveless V-Neck T-Shirts Tank Summer Blouse Shirts Soft Loose Tunic,17.99,23.99,https://www.amazon.ca/dp/B08RCJNZZ9/,https://m.media-amazon.com/images/I/71SJcLG1BSL._AC_UL320_.jpg,Amazon,2021-10-25T00:05:51,https://www.amazon.ca/s?k=lightning+deals
202,"Wireless Earbuds, Bluetooth 5.0 Earbuds Touch Control in-Ear True Wireless Headphones, 20 Hrs Playtime with Charging Case, Hi-Fi Stereo Earbuds with Built-in Mic for Sports and Work (White)",29.99,0,https://www.amazon.ca/dp/B09HT3F5HF/,https://m.media-amazon.com/images/I/41gIIcXhS9L._AC_UL320_.jpg,Amazon,2021-10-25T00:05:51,https://www.amazon.ca/s?k=lightning+deals
203,Polarized Sunglasses for Men and Women UV Protection Sun Glasses Ideal for Outdoor Activity Car Darive Leisure Time,29.99,0,https://www.amazon.ca/dp/B08ZHXRJ7L/,https://m.media-amazon.com/images/I/61e7x9t33+L._AC_UL320_.jpg,Amazon,2021-10-25T00:05:51,https://www.amazon.ca/s?k=lightning+deals
204,Fashion Tops for Women Christmas Tee Shirts Crewneck Sweatshirts Aesthetic Color Block Pullover Tops Fall Clothes,20.19,0,https://www.amazon.ca/dp/B09F9WVBYP/,https://m.media-amazon.com/images/I/715Dm9VLg4L._AC_UL320_.jpg,Amazon,2021-10-25T00:05:51,https://www.amazon.ca/s?k=lightning+deals
205,Women's Comfort Evolution Bra,20.99,0,https://www.amazon.ca/dp/B00U5TC6C6/,https://m.media-amazon.com/images/I/61jeZ7K5ImL._AC_UL320_.jpg,Amazon,2021-10-25T00:05:51,https://www.amazon.ca/s?k=lightning+deals
206,Women Zipper Hoodie Hooded Sweatshirt Coat Jacket Casual Slim Jumper,9.43,0,https://www.amazon.ca/dp/B07K42YV32/,https://m.media-amazon.com/images/I/51h8jgh9O6L._AC_UL320_.jpg,Amazon,2021-10-25T00:05:51,https://www.amazon.ca/s?k=lightning+deals
207,Women's Long Sleeve Scoop Neck Button Side Sweater Tunic Dress,24.99,28.99,https://www.amazon.ca/dp/B076Q5VJZQ/,https://m.media-amazon.com/images/I/61lT7S68eUL._AC_UL320_.jpg,Amazon,2021-10-25T00:05:51,https://www.amazon.ca/s?k=lightning+deals
208,Women Loose Casual T Shirt Plain Cotton Round Neck Girls Tops,23.99,0,https://www.amazon.ca/dp/B075YDSD35/,https://m.media-amazon.com/images/I/51nM3XdjcaL._AC_UL320_.jpg,Amazon,2021-10-25T00:05:51,https://www.amazon.ca/s?k=lightning+deals
209,Girls Cotton Underwear 6-Pack,19.90,0,https://www.amazon.ca/dp/B08GHVLGPB/,https://m.media-amazon.com/images/I/61B6Jqt1IML._AC_UL320_.jpg,Amazon,2021-10-25T00:05:51,https://www.amazon.ca/s?k=lightning+deals
210,"iPhone Charger, OuTrade LED Lightning Cable [Apple MFi Certified ] USB Charging/Sync Lightning Cord Compatible with iPhone SE 11 11 Pro 11 Pro Max Xs MAX XR X 8 7 6S 6 5, iPad and More (Purple, 3.3 ft)",17.99,0,https://www.amazon.ca/dp/B09DD3QRL8/,https://m.media-amazon.com/images/I/61toudStlbL._AC_UL320_.jpg,Amazon,2021-10-25T00:05:51,https://www.amazon.ca/s?k=lightning+deals
211,Women's Vogue Long Sleeve Irregular Hem Open Front Cardigan,28.90,0,https://www.amazon.ca/dp/B0776PBT93/,https://m.media-amazon.com/images/I/81ZC1sZ4k2L._AC_UL320_.jpg,Amazon,2021-10-25T00:05:51,https://www.amazon.ca/s?k=lightning+deals
212,"NA BEAUTY Fashion Classic Sterling Silver Thread Drop Earrings,Teardrop Back Earrings (White/1 Pair)",3.01,0,https://www.amazon.ca/dp/B01M7NCT05/,https://m.media-amazon.com/images/I/51wxN55ByxL._AC_UL320_.jpg,Amazon,2021-10-25T00:05:51,https://www.amazon.ca/s?k=lightning+deals
213,Unisex's Classic Clog,59.99,0,https://www.amazon.ca/dp/B00152AGEW/,https://m.media-amazon.com/images/I/71J+EDTWeQL._AC_UL320_.jpg,Amazon,2021-10-25T00:05:51,https://www.amazon.ca/s?k=lightning+deals
214,Women’s Built Up Tank Style Sports Bra,20.99,0,https://www.amazon.ca/dp/B07KSRF8N8/,https://m.media-amazon.com/images/I/71UZglYTV6L._AC_UL320_.jpg,Amazon,2021-10-25T00:05:51,https://www.amazon.ca/s?k=lightning+deals
215,Women's V Neck T Shirt Short Striped Sleeve Side Split Summer Tunic Tops S-XXL,26.99,0,https://www.amazon.ca/dp/B094FNM15V/,https://m.media-amazon.com/images/I/61motPmljiS._AC_UL320_.jpg,Amazon,2021-10-25T00:05:51,https://www.amazon.ca/s?k=lightning+deals
216,Women's Comfy Stretch Floral Print High Waist Drawstring Palazzo Wide Leg Pants,16.99,0,https://www.amazon.ca/dp/B07QWK4NZV/,https://m.media-amazon.com/images/I/61638W0O2eL._AC_UL320_.jpg,Amazon,2021-10-25T00:05:51,https://www.amazon.ca/s?k=lightning+deals
217,Women's Jersey Full Zip Hoodie,20.64,0,https://www.amazon.ca/dp/B016YKLC92/,https://m.media-amazon.com/images/I/81bO1PWtEUL._AC_UL320_.jpg,Amazon,2021-10-25T00:05:51,https://www.amazon.ca/s?k=lightning+deals
218,Womens Long Sleeve Short Sleeve Lace Hem Trim Shirts A-Line Tunic Tops,28.99,0,https://www.amazon.ca/dp/B095LNSC2G/,https://m.media-amazon.com/images/I/61HMoJHF5lS._AC_UL320_.jpg,Amazon,2021-10-25T00:05:51,https://www.amazon.ca/s?k=lightning+deals
219,Womens Full_Coverage,29.11,33.62,https://www.amazon.ca/dp/B00551OS70/,https://m.media-amazon.com/images/I/91llrJB8uGL._AC_UL320_.jpg,Amazon,2021-10-25T00:05:51,https://www.amazon.ca/s?k=lightning+deals
220,"PierShine 2-Pack Led Garage Lights, 100W Garage Light, E26/E27 10000LM Deformable Four Leaf Garage Light Ceiling Led, Indoor use for Led Shop Lights, Workshop Light, Garage Work Lights",42.49,49.99,https://www.amazon.ca/dp/B08YYWL8F8/,https://m.media-amazon.com/images/I/81yIJpRjDMS._AC_UL320_.jpg,Amazon,2021-10-25T00:05:51,https://www.amazon.ca/s?k=lightning+deals
221,"Sharpie Permanent Markers, Ultra Fine Point, Black, 2 Markers(37161)",6.01,0,https://www.amazon.ca/dp/B00144862U/,https://m.media-amazon.com/images/I/71EalV6QkKL._AC_UL320_.jpg,Amazon,2021-10-25T00:05:51,https://www.amazon.ca/s?k=lightning+deals
222,3 Saver Pack Quick Dry T-Shirts Women's Performance Mesh Crew Workout T-Shirt - Activewear Top,15.00,0,https://www.amazon.ca/dp/B08LTNWDBW/,https://m.media-amazon.com/images/I/81BpTUg72CL._AC_UL320_.jpg,Amazon,2021-10-25T00:05:51,https://www.amazon.ca/s?k=lightning+deals
223,"Queen Size Pillow Cases Set of 2 – Soft, Premium Quality Pillowcase Covers – Machine Washable Protectors – 20x26 & 20x30 Pillows for Sleeping 2 Piece - Queen Size Pillow Case Set",19.99,0,https://www.amazon.ca/dp/B07Q8WX4HJ/,https://m.media-amazon.com/images/I/81XK9zXPKML._AC_UL320_.jpg,Amazon,2021-10-25T00:05:51,https://www.amazon.ca/s?k=lightning+deals
224,Men's A158W-1 Classic Digital Stainless Steel Bracelet Watch,32.11,0,https://www.amazon.ca/dp/B000GAYQJ0/,https://m.media-amazon.com/images/I/61WEpGWghwL._AC_UL320_.jpg,Amazon,2021-10-25T00:05:51,https://www.amazon.ca/s?k=lightning+deals
225,StarTech.com 6 Foot (2m) Durable White USB-C to Lightning Cable - Heavy Duty Rugged Aramid Fiber USB Type A to Lightning Charger/Sync Power Cord - Apple MFi Certified iPad/iPhone 12 (RUSBCLTMM2MW),29.88,0,https://www.amazon.ca/dp/B081HPWPZ8/,https://m.media-amazon.com/images/I/61nWwjG8mqL._AC_UL320_.jpg,Amazon,2021-10-25T00:05:51,https://www.amazon.ca/s?k=lightning+deals
226,Women Short Sleeve Strappy Cold Shoulder T-Shirt Tops Blouses,20.66,24.99,https://www.amazon.ca/dp/B07BSDS6V8/,https://m.media-amazon.com/images/I/61HDdwCCNhL._AC_UL320_.jpg,Amazon,2021-10-25T00:05:51,https://www.amazon.ca/s?k=lightning+deals
227,Women's Short & Long Sleeve V-Neck Shirts Loose Casual Tee T-Shirt with Leopard Pocket S-2XL,28.04,32.99,https://www.amazon.ca/dp/B08CBDH9LL/,https://m.media-amazon.com/images/I/611Vlj53G8L._AC_UL320_.jpg,Amazon,2021-10-25T00:05:51,https://www.amazon.ca/s?k=lightning+deals
228,Unisex Polarized Retro Classic Trendy Stylish Sunglasses for Men Women Driving Sun glasses：100% UV Blocking,17.98,0,https://www.amazon.ca/dp/B07X7WZYVN/,https://m.media-amazon.com/images/I/61OWsH1mNBL._AC_UL320_.jpg,Amazon,2021-10-25T00:05:51,https://www.amazon.ca/s?k=lightning+deals
229,Women Short Sleeve Shirts Ladies Summer Tops Tunic Button Up Floral,30.99,0,https://www.amazon.ca/dp/B09CKYFBFX/,https://m.media-amazon.com/images/I/71vc4OUuv4L._AC_UL320_.jpg,Amazon,2021-10-25T00:05:51,https://www.amazon.ca/s?k=lightning+deals
230,Pajama Shorts for Women 2 Pack Sleep Shorts for Women Lounge Shorts Women Sleep Shorts S~XL,37.99,0,https://www.amazon.ca/dp/B084WTDJ9Z/,https://m.media-amazon.com/images/I/91b9f7mXMdL._AC_UL320_.jpg,Amazon,2021-10-25T00:05:51,https://www.amazon.ca/s?k=lightning+deals
231,"Samsung Galaxy Tab S7 FE Mystic Silver 64GB Android Tablet - 12.4"" Display, S Pen stylus included, 8MP+5MP Camera, long lasting battery, metal unibody design (CAD version & Warranty SM-T733NZSAXAC)",479.99,669.99,https://www.amazon.ca/dp/B09DGTD1N2/,https://m.media-amazon.com/images/I/61dNwbgDmCL._AC_UL320_.jpg,Amazon,2021-10-25T00:05:51,https://www.amazon.ca/s?k=lightning+deals
232,"Hyleys Tea Slim Tea, Pomegranate, 1.32 Ounce, 25 Tea Bags",7.99,0,https://www.amazon.ca/dp/B01868CLN6/,https://m.media-amazon.com/images/I/61c5dmYq0RL._AC_UL320_.jpg,Amazon,2021-10-25T00:05:51,https://www.amazon.ca/s?k=lightning+deals
233,Women Side Zipper Casaul Hoodies Long Sleeve Warm Sweatshirt,25.00,35.49,https://www.amazon.ca/dp/B0792X2MFR/,https://m.media-amazon.com/images/I/61wESzFrtsL._AC_UL320_.jpg,Amazon,2021-10-25T00:05:51,https://www.amazon.ca/s?k=lightning+deals
234,Apple USB-C to Lightning Cable (2 m),39.00,0,https://www.amazon.ca/dp/B09BRGK8HX/,https://m.media-amazon.com/images/I/61QvSXD+InL._AC_UL320_.jpg,Amazon,2021-10-25T00:05:51,https://www.amazon.ca/s?k=lightning+deals
235,Women's Swiftwater Sandal Slide,44.99,0,https://www.amazon.ca/dp/B074KH5XYW/,https://m.media-amazon.com/images/I/61n9ldYLFxL._AC_UL320_.jpg,Amazon,2021-10-25T00:05:51,https://www.amazon.ca/s?k=lightning+deals
236,Women's High Waisted Cotton Underwear Stretch Briefs Soft Full Coverage Panties Multipack (Regular& Plus Size),29.99,40.99,https://www.amazon.ca/dp/B07RN63526/,https://m.media-amazon.com/images/I/61dpCKpdjHL._AC_UL320_.jpg,Amazon,2021-10-25T00:05:51,https://www.amazon.ca/s?k=lightning+deals
237,"Wireless Earbuds-Football Bluetooth 5.1 Earbuds-Touch Control,Noise Reduction,Fast Charging,Long Battery time,32H Playback time",29.90,0,https://www.amazon.ca/dp/B09DL37WLX/,https://m.media-amazon.com/images/I/61SHBuQuSTL._AC_UL320_.jpg,Amazon,2021-10-25T00:05:51,https://www.amazon.ca/s?k=lightning+deals
238,3 Pack Men's Ultra Soft Mesh Quick Dry Sports Underwear Breathable Boxer Briefs,33.99,0,https://www.amazon.ca/dp/B01LSU0E06/,https://m.media-amazon.com/images/I/91UCRP9beuL._AC_UL320_.jpg,Amazon,2021-10-25T00:05:51,https://www.amazon.ca/s?k=lightning+deals
239,Women's Hoodies Sweatshirts with Pockets Long Sleeve Pullover Drawstring Hoodie Tops for Women Blouse,32.99,0,https://www.amazon.ca/dp/B08JTVD322/,https://m.media-amazon.com/images/I/71EAGXg8ddL._AC_UL320_.jpg,Amazon,2021-10-25T00:05:51,https://www.amazon.ca/s?k=lightning+deals
240,Saxx Men's Underwear - Daytripper Boxer Briefs with Built-in Ballpark Pouch Support – Pack of 2,47.95,0,https://www.amazon.ca/dp/B07PGQ2B8J/,https://m.media-amazon.com/images/I/81cLziChMbL._AC_UL320_.jpg,Amazon,2021-10-25T00:05:51,https://www.amazon.ca/s?k=lightning+deals
241,Saxx Men's Underwear – Vibe Men’s Underwear – Boxer Briefs with Built-in Ballpark Pouch Support - Core,33.95,0,https://www.amazon.ca/dp/B016OE5PJQ/,https://m.media-amazon.com/images/I/91GlsJS4O+L._AC_UL320_.jpg,Amazon,2021-10-25T00:05:51,https://www.amazon.ca/s?k=lightning+deals
242,Women's Tops Casual Sleeveless V-Neck T-Shirts Tank Summer Blouse Shirts Soft Loose Tunic,17.99,23.99,https://www.amazon.ca/dp/B08RCJNZZ9/,https://m.media-amazon.com/images/I/71SJcLG1BSL._AC_UL320_.jpg,Amazon,2021-10-25T00:05:51,https://www.amazon.ca/s?k=lightning+deals
243,Women's Hoodies Sweatshirts with Pockets Long Sleeve Pullover Drawstring Hoodie Tops for Women Blouse,32.99,0,https://www.amazon.ca/dp/B08JTVD322/,https://m.media-amazon.com/images/I/71EAGXg8ddL._AC_UL320_.jpg,Amazon,2021-10-25T00:05:51,https://www.amazon.ca/s?k=lightning+deals
244,"Maxzzz Memory Foam Mattress, 8 Inch Gel-Bamboo Charcoal Hybrid Mattress Medium Firm Queen Bed Mattress Ventilated Design Mattresses with Washable Cover CertiPUR-US Certified (Queen, 60x80 Inch)",299.99,0,https://www.amazon.ca/dp/B08R8NP73L/,https://m.media-amazon.com/images/I/71urGWVTXBS._AC_UL320_.jpg,Amazon,2021-10-25T00:05:51,https://www.amazon.ca/s?k=lightning+deals
245,"Centric Expandable Hardside Luggage Set with Spinner Wheels, 20/24/28 Inch, Caribbean Blue",456.78,0,https://www.amazon.ca/dp/B074VLNCG7/,https://m.media-amazon.com/images/I/71cPCpF6pbL._AC_UL320_.jpg,Amazon,2021-10-25T00:05:51,https://www.amazon.ca/s?k=lightning+deals
246,Women's Jean Look Jeggings Tights Slimming Many Colors Spandex Leggings Pants Capri S-XXXL,35.71,0,https://www.amazon.ca/dp/B07CH1CSWJ/,https://m.media-amazon.com/images/I/71C322vOH7L._AC_UL320_.jpg,Amazon,2021-10-25T00:05:51,https://www.amazon.ca/s?k=lightning+deals
247,Coinsound E7 Pro [Upgraded] Wireless Bluetooth Headphones Active Noise Cancelling Headphones Overhead Adjustable 30-Hour Playtime Soft Memory Protein Earmuffs Strong Bass for Travel/TV/Class-Black,67.99,79.99,https://www.amazon.ca/dp/B09FLLDZXY/,https://m.media-amazon.com/images/I/7112ID1oVvL._AC_UL320_.jpg,Amazon,2021-10-25T00:05:51,https://www.amazon.ca/s?k=lightning+deals
248,mens Assorted standard V-neck T-shirts,26.99,0,https://www.amazon.ca/dp/B077ZKK9YB/,https://m.media-amazon.com/images/I/71x4hKVIlmL._AC_UL320_.jpg,Amazon,2021-10-25T00:05:51,https://www.amazon.ca/s?k=lightning+deals
249,Women’s Casual Waffle Knit Tunic Long Sleeve Tops Loose Button Up Pullover Tops Henley Shirts,27.59,0,https://www.amazon.ca/dp/B09CP8F3JJ/,https://m.media-amazon.com/images/I/61rxbNJxVsL._AC_UL320_.jpg,Amazon,2021-10-25T00:05:51,https://www.amazon.ca/s?k=lightning+deals
250,Womens Fuzzy Sherpa Hoodies Pullover Zip Fleece Sweatshirt Outwear,39.98,0,https://www.amazon.ca/dp/B07JMM5ZK8/,https://m.media-amazon.com/images/I/61oWgKlMqHL._AC_UL320_.jpg,Amazon,2021-10-25T00:05:51,https://www.amazon.ca/s?k=lightning+deals
251,"Windproof Travel Umbrella - Compact, Light, Automatic, Strong and Portable - Wind Resistant, Small Folding Backpack Umbrella for Rain - Men and Women",32.95,35.95,https://www.amazon.ca/dp/B0160HYB8S/,https://m.media-amazon.com/images/I/51mF+wacbfS._AC_UL320_.jpg,Amazon,2021-10-25T00:05:51,https://www.amazon.ca/s?k=lightning+deals
252,"Women's V Neck Short Sleeve Lace Shirts Blouses Vintage Elegant Tunic Tops,White,XX/Large",17.90,28.99,https://www.amazon.ca/dp/B093LBM1PX/,https://m.media-amazon.com/images/I/61DGic4QVGS._AC_UL320_.jpg,Amazon,2021-10-25T00:05:51,https://www.amazon.ca/s?k=lightning+deals
253,Mens Regular Fit Comfort Flex Waist Jean,34.97,0,https://www.amazon.ca/dp/B074KJ6JQP/,https://m.media-amazon.com/images/I/81HIcavdH6L._AC_UL320_.jpg,Amazon,2021-10-25T00:05:51,https://www.amazon.ca/s?k=lightning+deals
254,"SLEEP ZONE Queen Sheet Set - Hotel Luxury 1800 Bedding Sheets & Pillowcases - Extra Soft Cooling Bed Sheets Deep Pocket 16 inches - Wrinkle, Fade, Stain Resistant 4 PC (Gray, Queen)",31.15,41.57,https://www.amazon.ca/dp/B07TF86TM9/,https://m.media-amazon.com/images/I/619nN7mvY3L._AC_UL320_.jpg,Amazon,2021-10-25T00:05:51,https://www.amazon.ca/s?k=lightning+deals
255,Water Shoes Men Women Quick Drying Swim Surf Beach Pool Shoes Wide Toe Barefoot Aqua Shoes Summer Outdoor Sports Shoes,34.97,65.00,https://www.amazon.ca/dp/B07M7VS9SS/,https://m.media-amazon.com/images/I/71gA4DELk9L._AC_UL320_.jpg,Amazon,2021-10-25T00:05:51,https://www.amazon.ca/s?k=lightning+deals
256,Women's Gel-Venture 5-w,166.32,0,https://www.amazon.ca/dp/B00NUY58ZU/,https://m.media-amazon.com/images/I/81z5Lu9+XQL._AC_UL320_.jpg,Amazon,2021-10-25T00:05:51,https://www.amazon.ca/s?k=lightning+deals
257,"3Ft Apple MFi Certified USB C to Lightning Cable Fast Charging Syncing Cord for iPhone Xs/XS Max/XR/X/8/8 Plus, New iPad Pro, Supports Power Delivery Type-C Chargers",14.99,0,https://www.amazon.ca/dp/B07XW8KXQ6/,https://m.media-amazon.com/images/I/41KohfNiSeL._AC_UL320_.jpg,Amazon,2021-10-25T00:05:51,https://www.amazon.ca/s?k=lightning+deals
258,"Digital Luggage Scale, Fosmon Digital LCD Display Backlight with Temperature Sensor Hanging Luggage Weight Scale, Up to 50 Kilograms with Tare Function",15.99,0,https://www.amazon.ca/dp/B01N0Y9OWN/,https://m.media-amazon.com/images/I/61VdYidPqBL._AC_UL320_.jpg,Amazon,2021-10-25T00:05:51,https://www.amazon.ca/s?k=lightning+deals
259,"250W LED High Bay Light 35,000LM (140Lm/w) 5000K Daylight (for 18 to 24ft Ceiling, 1000W HID/HPS Replacement) 1-10v dimmer UL Listed HYPERLITE High Bay LED Light for Factory Warehouse Church",152.99,169.99,https://www.amazon.ca/dp/B07WLVG6RX/,https://m.media-amazon.com/images/I/612N0b-IwbL._AC_UL320_.jpg,Amazon,2021-10-25T00:05:51,https://www.amazon.ca/s?k=lightning+deals
260,Polarized Sunglasses for Men and Women UV Protection Sun Glasses Ideal for Outdoor Activity Car Darive Leisure Time,29.99,0,https://www.amazon.ca/dp/B08ZHXRJ7L/,https://m.media-amazon.com/images/I/61e7x9t33+L._AC_UL320_.jpg,Amazon,2021-10-25T00:05:51,https://www.amazon.ca/s?k=lightning+deals
261,"Wireless Earbuds, Bluetooth 5.0 Earbuds Touch Control in-Ear True Wireless Headphones, 20 Hrs Playtime with Charging Case, Hi-Fi Stereo Earbuds with Built-in Mic for Sports and Work (White)",29.99,0,https://www.amazon.ca/dp/B09HT3F5HF/,https://m.media-amazon.com/images/I/41gIIcXhS9L._AC_UL320_.jpg,Amazon,2021-10-25T00:05:51,https://www.amazon.ca/s?k=lightning+deals
262,"Kenmore Intuition BU4022 Bagged Upright Vacuum Pet Friendly Carpet Vacuum Cleaner 2-Motor Power Suction with HEPA Filter, Pet Handi-Mate, 3-in-1 Combination Tool for Carpet, Floor, Pet Hair and Sofa",329.99,373.99,https://www.amazon.ca/dp/B08CXPQXL5/,https://m.media-amazon.com/images/I/51U0oYcWg3L._AC_UL320_.jpg,Amazon,2021-10-25T00:05:51,https://www.amazon.ca/s?k=lightning+deals
263,Women's Halter Neck Summer Dress Sleeveless Casual Sundress,28.99,0,https://www.amazon.ca/dp/B06ZY964KQ/,https://m.media-amazon.com/images/I/51+klHQB81S._AC_UL320_.jpg,Amazon,2021-10-25T00:05:51,https://www.amazon.ca/s?k=lightning+deals
264,RFID Blocking Passport Holder Travel Wallet Cover Case,14.99,0,https://www.amazon.ca/dp/B07KYBQWN2/,https://m.media-amazon.com/images/I/81qebQ9O18L._AC_UL320_.jpg,Amazon,2021-10-25T00:05:51,https://www.amazon.ca/s?k=lightning+deals
265,"Mini Projector Outdoor Movie Projector with 100Inch Projector Screen, Latest Full HD 1080P Projector Supported, Compatible with TV Stick, Video Games, HDMI, USB, TF, VGA, AUX, AV, PS4",110.49,129.99,https://www.amazon.ca/dp/B09F39LP4M/,https://m.media-amazon.com/images/I/51A608IOMwL._AC_UL320_.jpg,Amazon,2021-10-25T00:05:51,https://www.amazon.ca/s?k=lightning+deals
266,Women's Full Coverage Double Support Unpadded Wirefree Plus Size Minimizer Bra,26.99,0,https://www.amazon.ca/dp/B093SLFJSZ/,https://m.media-amazon.com/images/I/81z3jQbSeML._AC_UL320_.jpg,Amazon,2021-10-25T00:05:51,https://www.amazon.ca/s?k=lightning+deals
267,"MySmile Teeth Whitening Kit with LED Light, 10 Min Non-Sensitive Fast Teeth Whitener with 3 Carbamide Peroxide Teeth Whitening Gel, Helps to Remove Stains from Coffee, Smoking, Wines, Soda, Food",36.54,42.99,https://www.amazon.ca/dp/B08WXF5TX8/,https://m.media-amazon.com/images/I/71RBRg4++hL._AC_UL320_.jpg,Amazon,2021-10-25T00:05:51,https://www.amazon.ca/s?k=lightning+deals
268,Men's Digital Watch,31.00,0,https://www.amazon.ca/dp/B0094B79PA/,https://m.media-amazon.com/images/I/71aUDOMwE0L._AC_UL320_.jpg,Amazon,2021-10-25T00:05:51,https://www.amazon.ca/s?k=lightning+deals
269,"LED Garage Lights 45W E27/E26 Deformable Led Garage Ceiling Lighting 4500LM Triple Glow 3 Fan Blade LED Bulb Adjustable LED Corn Shop Lights for Garage,Warehouse,Workshop,Barn,Full Area,Basement",14.99,0,https://www.amazon.ca/dp/B08199ZVVM/,https://m.media-amazon.com/images/I/5154fngVXaL._AC_UL320_.jpg,Amazon,2021-10-25T00:05:51,https://www.amazon.ca/s?k=lightning+deals
270,Women Hawaiian Shirt Lightweight Button Down Collar Short Sleeves Pink,30.76,0,https://www.amazon.ca/dp/B06ZZ1KJMS/,https://m.media-amazon.com/images/I/817S0K1ao7L._AC_UL320_.jpg,Amazon,2021-10-25T00:05:51,https://www.amazon.ca/s?k=lightning+deals
271,AmazonBasics Laptop Computer Backpack - Fits Up To 17 Inch Laptops,68.39,0,https://www.amazon.ca/dp/B00EEBS9O0/,https://m.media-amazon.com/images/I/81vfzNUAXEL._AC_UL320_.jpg,Amazon,2021-10-25T00:05:51,https://www.amazon.ca/s?k=lightning+deals
272,Womens Plus Size Tunic Tops Long Sleeve Blouses Christmas Shirts Leopard Print Tops Color Block Sweatshirt for Women,26.91,0,https://www.amazon.ca/dp/B09H39CGW6/,https://m.media-amazon.com/images/I/61SRo2v1kjL._AC_UL320_.jpg,Amazon,2021-10-25T00:05:51,https://www.amazon.ca/s?k=lightning+deals
273,Women's French Terry Bermuda Short,21.07,0,https://www.amazon.ca/dp/B0170AD6BM/,https://m.media-amazon.com/images/I/71gXm-lrv1L._AC_UL320_.jpg,Amazon,2021-10-25T00:05:51,https://www.amazon.ca/s?k=lightning+deals
274,M-Aimee 4 Pack DIY 5D Diamond Painting by Number Kits Full Drill Rhinestone Embroidery Cross Stitch Pictures Arts Craft for Home Wall Decor - Moon 12x16inch,15.00,28.89,https://www.amazon.ca/dp/B0868QD113/,https://m.media-amazon.com/images/I/716Jpu5ZxpL._AC_UL320_.jpg,Amazon,2021-10-25T00:05:51,https://www.amazon.ca/s?k=lightning+deals
275,Womens High Waisted Yoga Pants Workout Leggings with Pockets for Tummy Control,24.99,27.65,https://www.amazon.ca/dp/B082B2GFTH/,https://m.media-amazon.com/images/I/51T-11wl8PL._AC_UL320_.jpg,Amazon,2021-10-25T00:05:51,https://www.amazon.ca/s?k=lightning+deals
276,Women's Summer Long Sleeve Pleated Blouse Loose Flowy Tunic Top,25.99,28.99,https://www.amazon.ca/dp/B08SBHV2XC/,https://m.media-amazon.com/images/I/61YzqU+4lUL._AC_UL320_.jpg,Amazon,2021-10-25T00:05:51,https://www.amazon.ca/s?k=lightning+deals
277,Womens Casual Crewneck Color Block Sweatshirt Striped Loose Soft Long Sleeve Pullover Tops Shirts S-XXL,42.99,0,https://www.amazon.ca/dp/B09BVFXG12/,https://m.media-amazon.com/images/I/61+Q08KRsnL._AC_UL320_.jpg,Amazon,2021-10-25T00:05:51,https://www.amazon.ca/s?k=lightning+deals
278,Apple Lightning to USB Camera Adapter,38.98,0,https://www.amazon.ca/dp/B014VGHG0U/,https://m.media-amazon.com/images/I/31gWU7Pmz6L._AC_UL320_.jpg,Amazon,2021-10-25T00:05:51,https://www.amazon.ca/s?k=lightning+deals
279,Men's Original Two-Tone Memory Foam Slipper,59.57,0,https://www.amazon.ca/dp/B01MR33P8B/,https://m.media-amazon.com/images/I/71RHQ6B0LZL._AC_UL320_.jpg,Amazon,2021-10-25T00:05:51,https://www.amazon.ca/s?k=lightning+deals
280,Yannik Women's 5 Pair Pack Vintage Style Cotton Knitting Wool Winter Crew Socks,25.03,0,https://www.amazon.ca/dp/B01K1LS3H4/,https://m.media-amazon.com/images/I/81+AMzCCbiL._AC_UL320_.jpg,Amazon,2021-10-25T00:05:51,https://www.amazon.ca/s?k=lightning+deals
281,New Apple AirPods Max - Silver,779.00,0,https://www.amazon.ca/dp/B08PZD76NP/,https://m.media-amazon.com/images/I/81thV7SoLZL._AC_UL320_.jpg,Amazon,2021-10-25T00:05:51,https://www.amazon.ca/s?k=lightning+deals
282,"Mens Jogger Fleece Pants, Heather Grey, Small",24.26,0,https://www.amazon.ca/dp/B07BS32PJN/,https://m.media-amazon.com/images/I/81oj8+akFVS._AC_UL320_.jpg,Amazon,2021-10-25T00:05:51,https://www.amazon.ca/s?k=lightning+deals
283,Men's ComfortSoft 4 Pack FreshIQ Cotton V-Neck T-Shirt,20.97,0,https://www.amazon.ca/dp/B01F8LOE7A/,https://m.media-amazon.com/images/I/81yHwqS0bsL._AC_UL320_.jpg,Amazon,2021-10-25T00:05:51,https://www.amazon.ca/s?k=lightning+deals
284,Mens Sports Shorts Casual with Elastic Waist Zipper Pockets,28.99,0,https://www.amazon.ca/dp/B083FRQT5V/,https://m.media-amazon.com/images/I/61ycn02yoRL._AC_UL320_.jpg,Amazon,2021-10-25T00:05:51,https://www.amazon.ca/s?k=lightning+deals
285,Women's Tops Casual T-Shirt Short Sleeve Tunics Summer Knits Tees with Pockets,20.99,0,https://www.amazon.ca/dp/B086Q26XLY/,https://m.media-amazon.com/images/I/6165LXsdKiL._AC_UL320_.jpg,Amazon,2021-10-25T00:05:51,https://www.amazon.ca/s?k=lightning+deals
286,90 Degree iPhone Charger 10 FT Lightning Cable 3 Pack Right Angled Brided iPhone Charging & Syncing Cord for iPad/iPhone XS/Max/XR/X/8/7/6/iPod,16.99,0,https://www.amazon.ca/dp/B086JWW54C/,https://m.media-amazon.com/images/I/61Roy2-4e8L._AC_UL320_.jpg,Amazon,2021-10-25T00:05:51,https://www.amazon.ca/s?k=lightning+deals
287,Women's Tops Casual T-Shirt Long Sleeve Tunics Cotton Knits Tees with Pockets,19.99,0,https://www.amazon.ca/dp/B08R8RK1JN/,https://m.media-amazon.com/images/I/61PBsreX-5L._AC_UL320_.jpg,Amazon,2021-10-25T00:05:51,https://www.amazon.ca/s?k=lightning+deals
288,Men's Hooded Sweatshirt,18.89,0,https://www.amazon.ca/dp/B0196XAGKA/,https://m.media-amazon.com/images/I/61yMOMHG9cL._AC_UL320_.jpg,Amazon,2021-10-25T00:05:51,https://www.amazon.ca/s?k=lightning+deals
289,Women's Mid-high Impact Comfortable Full Support Sports Bra with Removable Padding,30.99,0,https://www.amazon.ca/dp/B09BQX66WL/,https://m.media-amazon.com/images/I/71i+b1OBK+L._AC_UL320_.jpg,Amazon,2021-10-25T00:05:51,https://www.amazon.ca/s?k=lightning+deals
290,90 Degree iPhone Charging Cable[3Pack 10/10/10FT] Lightning Cable Right Angle iPhone Charger Braided Charging & Syncing Cord,18.99,0,https://www.amazon.ca/dp/B07R1SSM15/,https://m.media-amazon.com/images/I/71Oh1s-PcoL._AC_UL320_.jpg,Amazon,2021-10-25T00:05:51,https://www.amazon.ca/s?k=lightning+deals
291,4 Pieces No Buckle Stretch Belt Buckle-free Belt Invisible Elastic Belt with 4 Pieces Buckles for Jeans Pants,24.89,0,https://www.amazon.ca/dp/B07Z7RTFSJ/,https://m.media-amazon.com/images/I/81teKni-CrL._AC_UL320_.jpg,Amazon,2021-10-25T00:05:51,https://www.amazon.ca/s?k=lightning+deals
292,Women's Fashion Backpack Purse Anti-Theft Casual Shopping Convertible Multipurpose Travel Bag,45.99,0,https://www.amazon.ca/dp/B07WVZFYN4/,https://m.media-amazon.com/images/I/81vBf9lLrCL._AC_UL320_.jpg,Amazon,2021-10-25T00:05:51,https://www.amazon.ca/s?k=lightning+deals
293,Polarized Sunglasses for Men Cycling Driving Fishing UV Protection Outdoor Sports Sunglasses,18.99,0,https://www.amazon.ca/dp/B0976RBCZY/,https://m.media-amazon.com/images/I/51yayvIOGYS._AC_UL320_.jpg,Amazon,2021-10-25T00:05:51,https://www.amazon.ca/s?k=lightning+deals
294,"Wireless Earbuds-Football Bluetooth 5.1 Earbuds-Touch Control,Noise Reduction,Fast Charging,Long Battery time,32H Playback time",29.90,0,https://www.amazon.ca/dp/B09DL37WLX/,https://m.media-amazon.com/images/I/61SHBuQuSTL._AC_UL320_.jpg,Amazon,2021-10-25T00:05:51,https://www.amazon.ca/s?k=lightning+deals
295,Women's High Waisted Cotton Underwear Stretch Briefs Soft Full Coverage Panties Multipack (Regular& Plus Size),29.99,40.99,https://www.amazon.ca/dp/B07RN63526/,https://m.media-amazon.com/images/I/61dpCKpdjHL._AC_UL320_.jpg,Amazon,2021-10-25T00:05:51,https://www.amazon.ca/s?k=lightning+deals
296,"Women Touch Screen Crossbody Phone Purse, RFID Shoulder Handbags Credit Card Wallet",28.99,30.99,https://www.amazon.ca/dp/B08DXCZ4X8/,https://m.media-amazon.com/images/I/61GQqoh0A5L._AC_UL320_.jpg,Amazon,2021-10-25T00:05:51,https://www.amazon.ca/s?k=lightning+deals
297,"Geek Wireless Earbuds, Bluetooth earbuds with Wireless Charging Exquisite Case USB-C, 36H Playtime Bluetooth Earphones Built-in Mic Dual Calls with 13mm Driver Lossless Sound Fantastic Bass, IPX8 Waterproof Wireless Headphones Travel Sports Headsets",37.77,0,https://www.amazon.ca/dp/B09CKSW7FV/,https://m.media-amazon.com/images/I/51JO50ZoLFL._AC_UL320_.jpg,Amazon,2021-10-25T00:05:51,https://www.amazon.ca/s?k=lightning+deals
